"from","to","interaction","score"
"9606.ENSP00000075120","9606.ENSP00000445929","pp",0.868
"9606.ENSP00000168216","9606.ENSP00000266987","pp",0.911
"9606.ENSP00000178640","9606.ENSP00000311005","pp",0.999
"9606.ENSP00000196371","9606.ENSP00000324842","pp",0.958
"9606.ENSP00000200676","9606.ENSP00000363868","pp",0.831
"9606.ENSP00000200676","9606.ENSP00000317674","pp",0.896
"9606.ENSP00000203629","9606.ENSP00000231009","pp",0.701
"9606.ENSP00000203629","9606.ENSP00000228434","pp",0.713
"9606.ENSP00000203629","9606.ENSP00000357012","pp",0.723
"9606.ENSP00000203629","9606.ENSP00000482259","pp",0.735
"9606.ENSP00000203629","9606.ENSP00000356694","pp",0.768
"9606.ENSP00000203629","9606.ENSP00000436423","pp",0.786
"9606.ENSP00000203629","9606.ENSP00000324890","pp",0.826
"9606.ENSP00000203629","9606.ENSP00000358294","pp",0.83
"9606.ENSP00000203629","9606.ENSP00000380855","pp",0.872
"9606.ENSP00000203629","9606.ENSP00000229135","pp",0.877
"9606.ENSP00000203629","9606.ENSP00000333919","pp",0.887
"9606.ENSP00000203629","9606.ENSP00000386559","pp",0.947
"9606.ENSP00000203629","9606.ENSP00000419085","pp",0.955
"9606.ENSP00000203629","9606.ENSP00000497102","pp",0.965
"9606.ENSP00000203629","9606.ENSP00000370989","pp",0.976
"9606.ENSP00000206513","9606.ENSP00000466090","pp",0.707
"9606.ENSP00000211998","9606.ENSP00000279022","pp",0.749
"9606.ENSP00000211998","9606.ENSP00000354826","pp",0.771
"9606.ENSP00000211998","9606.ENSP00000378400","pp",0.773
"9606.ENSP00000211998","9606.ENSP00000353452","pp",0.814
"9606.ENSP00000211998","9606.ENSP00000267984","pp",0.845
"9606.ENSP00000211998","9606.ENSP00000452786","pp",0.874
"9606.ENSP00000211998","9606.ENSP00000269141","pp",0.939
"9606.ENSP00000211998","9606.ENSP00000378332","pp",0.959
"9606.ENSP00000211998","9606.ENSP00000337598","pp",0.961
"9606.ENSP00000211998","9606.ENSP00000420213","pp",0.995
"9606.ENSP00000211998","9606.ENSP00000240123","pp",0.999
"9606.ENSP00000215781","9606.ENSP00000361548","pp",0.709
"9606.ENSP00000215781","9606.ENSP00000261799","pp",0.721
"9606.ENSP00000215781","9606.ENSP00000379111","pp",0.742
"9606.ENSP00000215781","9606.ENSP00000330393","pp",0.811
"9606.ENSP00000215781","9606.ENSP00000370698","pp",0.998
"9606.ENSP00000215838","9606.ENSP00000301458","pp",0.999
"9606.ENSP00000218176","9606.ENSP00000384719","pp",0.7
"9606.ENSP00000219782","9606.ENSP00000360266","pp",0.702
"9606.ENSP00000220913","9606.ENSP00000368358","pp",0.906
"9606.ENSP00000221233","9606.ENSP00000229214","pp",0.798
"9606.ENSP00000221233","9606.ENSP00000328854","pp",0.807
"9606.ENSP00000221233","9606.ENSP00000264951","pp",0.809
"9606.ENSP00000221233","9606.ENSP00000230340","pp",0.828
"9606.ENSP00000221233","9606.ENSP00000363642","pp",0.83
"9606.ENSP00000221233","9606.ENSP00000371169","pp",0.88
"9606.ENSP00000221804","9606.ENSP00000441600","pp",0.765
"9606.ENSP00000221972","9606.ENSP00000451506","pp",0.711
"9606.ENSP00000221972","9606.ENSP00000264972","pp",0.714
"9606.ENSP00000221972","9606.ENSP00000322898","pp",0.732
"9606.ENSP00000221972","9606.ENSP00000259633","pp",0.771
"9606.ENSP00000221972","9606.ENSP00000356936","pp",0.823
"9606.ENSP00000221972","9606.ENSP00000342681","pp",0.866
"9606.ENSP00000221972","9606.ENSP00000384371","pp",0.876
"9606.ENSP00000221972","9606.ENSP00000376786","pp",0.913
"9606.ENSP00000221972","9606.ENSP00000248948","pp",0.934
"9606.ENSP00000221972","9606.ENSP00000259089","pp",0.956
"9606.ENSP00000221972","9606.ENSP00000313419","pp",0.998
"9606.ENSP00000221972","9606.ENSP00000376544","pp",0.999
"9606.ENSP00000222567","9606.ENSP00000371858","pp",0.712
"9606.ENSP00000222567","9606.ENSP00000230340","pp",0.731
"9606.ENSP00000222567","9606.ENSP00000371169","pp",0.762
"9606.ENSP00000222567","9606.ENSP00000385410","pp",0.771
"9606.ENSP00000222567","9606.ENSP00000229214","pp",0.83
"9606.ENSP00000222567","9606.ENSP00000261015","pp",0.836
"9606.ENSP00000222567","9606.ENSP00000322396","pp",0.872
"9606.ENSP00000222567","9606.ENSP00000228347","pp",0.881
"9606.ENSP00000222567","9606.ENSP00000367029","pp",0.999
"9606.ENSP00000222693","9606.ENSP00000452786","pp",0.706
"9606.ENSP00000222693","9606.ENSP00000356545","pp",0.726
"9606.ENSP00000223642","9606.ENSP00000299367","pp",0.803
"9606.ENSP00000223642","9606.ENSP00000466090","pp",0.823
"9606.ENSP00000224784","9606.ENSP00000354826","pp",0.748
"9606.ENSP00000224784","9606.ENSP00000261799","pp",0.781
"9606.ENSP00000224784","9606.ENSP00000353452","pp",0.89
"9606.ENSP00000224784","9606.ENSP00000279022","pp",0.97
"9606.ENSP00000226004","9606.ENSP00000229795","pp",0.936
"9606.ENSP00000226299","9606.ENSP00000354394","pp",0.779
"9606.ENSP00000226299","9606.ENSP00000359539","pp",0.888
"9606.ENSP00000226796","9606.ENSP00000322396","pp",0.704
"9606.ENSP00000226796","9606.ENSP00000491215","pp",0.727
"9606.ENSP00000226796","9606.ENSP00000324842","pp",0.735
"9606.ENSP00000226796","9606.ENSP00000318297","pp",0.778
"9606.ENSP00000226796","9606.ENSP00000385410","pp",0.915
"9606.ENSP00000228347","9606.ENSP00000313953","pp",0.754
"9606.ENSP00000228347","9606.ENSP00000306902","pp",0.77
"9606.ENSP00000228347","9606.ENSP00000373404","pp",0.772
"9606.ENSP00000228347","9606.ENSP00000258955","pp",0.821
"9606.ENSP00000228347","9606.ENSP00000363642","pp",0.84
"9606.ENSP00000228347","9606.ENSP00000367029","pp",0.841
"9606.ENSP00000228347","9606.ENSP00000333837","pp",0.914
"9606.ENSP00000228347","9606.ENSP00000448387","pp",0.974
"9606.ENSP00000228347","9606.ENSP00000498469","pp",0.999
"9606.ENSP00000228347","9606.ENSP00000347345","pp",0.999
"9606.ENSP00000228434","9606.ENSP00000292174","pp",0.708
"9606.ENSP00000228434","9606.ENSP00000264972","pp",0.736
"9606.ENSP00000228434","9606.ENSP00000231009","pp",0.743
"9606.ENSP00000228434","9606.ENSP00000365596","pp",0.745
"9606.ENSP00000228434","9606.ENSP00000296545","pp",0.758
"9606.ENSP00000228434","9606.ENSP00000333919","pp",0.759
"9606.ENSP00000228434","9606.ENSP00000349967","pp",0.777
"9606.ENSP00000228434","9606.ENSP00000343952","pp",0.788
"9606.ENSP00000228434","9606.ENSP00000497102","pp",0.794
"9606.ENSP00000228434","9606.ENSP00000477713","pp",0.795
"9606.ENSP00000228434","9606.ENSP00000454623","pp",0.805
"9606.ENSP00000228434","9606.ENSP00000433642","pp",0.823
"9606.ENSP00000228434","9606.ENSP00000356946","pp",0.826
"9606.ENSP00000228434","9606.ENSP00000342681","pp",0.841
"9606.ENSP00000228434","9606.ENSP00000359663","pp",0.849
"9606.ENSP00000228434","9606.ENSP00000313419","pp",0.859
"9606.ENSP00000228434","9606.ENSP00000324890","pp",0.865
"9606.ENSP00000228434","9606.ENSP00000229135","pp",0.912
"9606.ENSP00000228434","9606.ENSP00000386559","pp",0.938
"9606.ENSP00000228928","9606.ENSP00000256722","pp",0.724
"9606.ENSP00000228928","9606.ENSP00000382707","pp",0.731
"9606.ENSP00000228928","9606.ENSP00000259030","pp",0.735
"9606.ENSP00000228928","9606.ENSP00000326247","pp",0.738
"9606.ENSP00000228928","9606.ENSP00000359504","pp",0.764
"9606.ENSP00000228928","9606.ENSP00000318982","pp",0.831
"9606.ENSP00000228928","9606.ENSP00000353512","pp",0.861
"9606.ENSP00000228928","9606.ENSP00000354822","pp",0.881
"9606.ENSP00000228928","9606.ENSP00000483430","pp",0.884
"9606.ENSP00000228928","9606.ENSP00000377344","pp",0.89
"9606.ENSP00000228928","9606.ENSP00000395590","pp",0.904
"9606.ENSP00000228928","9606.ENSP00000380697","pp",0.908
"9606.ENSP00000228928","9606.ENSP00000497271","pp",0.921
"9606.ENSP00000228928","9606.ENSP00000359787","pp",0.922
"9606.ENSP00000228928","9606.ENSP00000490935","pp",0.926
"9606.ENSP00000228928","9606.ENSP00000359783","pp",0.929
"9606.ENSP00000228928","9606.ENSP00000496832","pp",0.941
"9606.ENSP00000228928","9606.ENSP00000371471","pp",0.941
"9606.ENSP00000228928","9606.ENSP00000360876","pp",0.942
"9606.ENSP00000228928","9606.ENSP00000342513","pp",0.946
"9606.ENSP00000228928","9606.ENSP00000354394","pp",0.959
"9606.ENSP00000228928","9606.ENSP00000388001","pp",0.986
"9606.ENSP00000228928","9606.ENSP00000342278","pp",0.999
"9606.ENSP00000229135","9606.ENSP00000354932","pp",0.704
"9606.ENSP00000229135","9606.ENSP00000360266","pp",0.711
"9606.ENSP00000229135","9606.ENSP00000358165","pp",0.716
"9606.ENSP00000229135","9606.ENSP00000484824","pp",0.72
"9606.ENSP00000229135","9606.ENSP00000359497","pp",0.721
"9606.ENSP00000229135","9606.ENSP00000436423","pp",0.731
"9606.ENSP00000229135","9606.ENSP00000361548","pp",0.731
"9606.ENSP00000229135","9606.ENSP00000261652","pp",0.734
"9606.ENSP00000229135","9606.ENSP00000368450","pp",0.74
"9606.ENSP00000229135","9606.ENSP00000271450","pp",0.741
"9606.ENSP00000229135","9606.ENSP00000359488","pp",0.743
"9606.ENSP00000229135","9606.ENSP00000477713","pp",0.749
"9606.ENSP00000229135","9606.ENSP00000361405","pp",0.751
"9606.ENSP00000229135","9606.ENSP00000264972","pp",0.752
"9606.ENSP00000229135","9606.ENSP00000412209","pp",0.766
"9606.ENSP00000229135","9606.ENSP00000419085","pp",0.767
"9606.ENSP00000229135","9606.ENSP00000496355","pp",0.769
"9606.ENSP00000229135","9606.ENSP00000229795","pp",0.769
"9606.ENSP00000229135","9606.ENSP00000438406","pp",0.775
"9606.ENSP00000229135","9606.ENSP00000359504","pp",0.777
"9606.ENSP00000229135","9606.ENSP00000380697","pp",0.778
"9606.ENSP00000229135","9606.ENSP00000330393","pp",0.778
"9606.ENSP00000229135","9606.ENSP00000265171","pp",0.781
"9606.ENSP00000229135","9606.ENSP00000438038","pp",0.786
"9606.ENSP00000229135","9606.ENSP00000441600","pp",0.791
"9606.ENSP00000229135","9606.ENSP00000261799","pp",0.797
"9606.ENSP00000229135","9606.ENSP00000292174","pp",0.802
"9606.ENSP00000229135","9606.ENSP00000342156","pp",0.816
"9606.ENSP00000229135","9606.ENSP00000380855","pp",0.834
"9606.ENSP00000229135","9606.ENSP00000292301","pp",0.837
"9606.ENSP00000229135","9606.ENSP00000343952","pp",0.85
"9606.ENSP00000229135","9606.ENSP00000349967","pp",0.853
"9606.ENSP00000229135","9606.ENSP00000313419","pp",0.858
"9606.ENSP00000229135","9606.ENSP00000370698","pp",0.865
"9606.ENSP00000229135","9606.ENSP00000330341","pp",0.886
"9606.ENSP00000229135","9606.ENSP00000327824","pp",0.893
"9606.ENSP00000229135","9606.ENSP00000370989","pp",0.899
"9606.ENSP00000229135","9606.ENSP00000245414","pp",0.917
"9606.ENSP00000229135","9606.ENSP00000496577","pp",0.917
"9606.ENSP00000229135","9606.ENSP00000260010","pp",0.918
"9606.ENSP00000229135","9606.ENSP00000359663","pp",0.919
"9606.ENSP00000229135","9606.ENSP00000356946","pp",0.926
"9606.ENSP00000229135","9606.ENSP00000433642","pp",0.926
"9606.ENSP00000229135","9606.ENSP00000454623","pp",0.928
"9606.ENSP00000229135","9606.ENSP00000356694","pp",0.933
"9606.ENSP00000229135","9606.ENSP00000296545","pp",0.939
"9606.ENSP00000229135","9606.ENSP00000482259","pp",0.942
"9606.ENSP00000229135","9606.ENSP00000497102","pp",0.951
"9606.ENSP00000229135","9606.ENSP00000324890","pp",0.954
"9606.ENSP00000229135","9606.ENSP00000379111","pp",0.962
"9606.ENSP00000229135","9606.ENSP00000354394","pp",0.986
"9606.ENSP00000229135","9606.ENSP00000386559","pp",0.99
"9606.ENSP00000229214","9606.ENSP00000253107","pp",0.737
"9606.ENSP00000229214","9606.ENSP00000371858","pp",0.741
"9606.ENSP00000229214","9606.ENSP00000314348","pp",0.827
"9606.ENSP00000229214","9606.ENSP00000432119","pp",0.853
"9606.ENSP00000229214","9606.ENSP00000261015","pp",0.87
"9606.ENSP00000229214","9606.ENSP00000339145","pp",0.886
"9606.ENSP00000229214","9606.ENSP00000355899","pp",0.927
"9606.ENSP00000229214","9606.ENSP00000362744","pp",0.96
"9606.ENSP00000229214","9606.ENSP00000322396","pp",0.961
"9606.ENSP00000229214","9606.ENSP00000371169","pp",0.997
"9606.ENSP00000229214","9606.ENSP00000363642","pp",0.999
"9606.ENSP00000229214","9606.ENSP00000230340","pp",0.999
"9606.ENSP00000229214","9606.ENSP00000328854","pp",0.999
"9606.ENSP00000229795","9606.ENSP00000232564","pp",0.738
"9606.ENSP00000229795","9606.ENSP00000245919","pp",0.781
"9606.ENSP00000229795","9606.ENSP00000354394","pp",0.783
"9606.ENSP00000229795","9606.ENSP00000248553","pp",0.91
"9606.ENSP00000229795","9606.ENSP00000264972","pp",0.951
"9606.ENSP00000229795","9606.ENSP00000245960","pp",0.951
"9606.ENSP00000229795","9606.ENSP00000360266","pp",0.992
"9606.ENSP00000230340","9606.ENSP00000361232","pp",0.732
"9606.ENSP00000230340","9606.ENSP00000303515","pp",0.735
"9606.ENSP00000230340","9606.ENSP00000306902","pp",0.741
"9606.ENSP00000230340","9606.ENSP00000385410","pp",0.796
"9606.ENSP00000230340","9606.ENSP00000253107","pp",0.819
"9606.ENSP00000230340","9606.ENSP00000323858","pp",0.822
"9606.ENSP00000230340","9606.ENSP00000432119","pp",0.822
"9606.ENSP00000230340","9606.ENSP00000367029","pp",0.866
"9606.ENSP00000230340","9606.ENSP00000339145","pp",0.877
"9606.ENSP00000230340","9606.ENSP00000261015","pp",0.88
"9606.ENSP00000230340","9606.ENSP00000396441","pp",0.896
"9606.ENSP00000230340","9606.ENSP00000371858","pp",0.915
"9606.ENSP00000230340","9606.ENSP00000380044","pp",0.931
"9606.ENSP00000230340","9606.ENSP00000322396","pp",0.945
"9606.ENSP00000230340","9606.ENSP00000369162","pp",0.955
"9606.ENSP00000230340","9606.ENSP00000314348","pp",0.971
"9606.ENSP00000230340","9606.ENSP00000362744","pp",0.983
"9606.ENSP00000230340","9606.ENSP00000328854","pp",0.999
"9606.ENSP00000230340","9606.ENSP00000363642","pp",0.999
"9606.ENSP00000230340","9606.ENSP00000371169","pp",0.999
"9606.ENSP00000231009","9606.ENSP00000482259","pp",0.704
"9606.ENSP00000231009","9606.ENSP00000331172","pp",0.72
"9606.ENSP00000231009","9606.ENSP00000419085","pp",0.752
"9606.ENSP00000231009","9606.ENSP00000436423","pp",0.828
"9606.ENSP00000231009","9606.ENSP00000386559","pp",0.915
"9606.ENSP00000231668","9606.ENSP00000263897","pp",0.997
"9606.ENSP00000232424","9606.ENSP00000287647","pp",0.933
"9606.ENSP00000232424","9606.ENSP00000365682","pp",0.953
"9606.ENSP00000232424","9606.ENSP00000373952","pp",0.999
"9606.ENSP00000232564","9606.ENSP00000294016","pp",0.743
"9606.ENSP00000232564","9606.ENSP00000477437","pp",0.815
"9606.ENSP00000232564","9606.ENSP00000340688","pp",0.967
"9606.ENSP00000232564","9606.ENSP00000371594","pp",0.999
"9606.ENSP00000233156","9606.ENSP00000466090","pp",0.76
"9606.ENSP00000233156","9606.ENSP00000334145","pp",0.999
"9606.ENSP00000236826","9606.ENSP00000296435","pp",0.753
"9606.ENSP00000236826","9606.ENSP00000466090","pp",0.875
"9606.ENSP00000237596","9606.ENSP00000478962","pp",0.761
"9606.ENSP00000237596","9606.ENSP00000484855","pp",0.892
"9606.ENSP00000237596","9606.ENSP00000466134","pp",0.893
"9606.ENSP00000237596","9606.ENSP00000262304","pp",0.999
"9606.ENSP00000240123","9606.ENSP00000477796","pp",0.782
"9606.ENSP00000243167","9606.ENSP00000360268","pp",0.777
"9606.ENSP00000243167","9606.ENSP00000497569","pp",0.9
"9606.ENSP00000243457","9606.ENSP00000477437","pp",0.71
"9606.ENSP00000243457","9606.ENSP00000381911","pp",0.815
"9606.ENSP00000244007","9606.ENSP00000430344","pp",0.737
"9606.ENSP00000244007","9606.ENSP00000465039","pp",0.746
"9606.ENSP00000244007","9606.ENSP00000265171","pp",0.747
"9606.ENSP00000244007","9606.ENSP00000338171","pp",0.751
"9606.ENSP00000244007","9606.ENSP00000493623","pp",0.77
"9606.ENSP00000244007","9606.ENSP00000264316","pp",0.771
"9606.ENSP00000244007","9606.ENSP00000377703","pp",0.793
"9606.ENSP00000244007","9606.ENSP00000477713","pp",0.938
"9606.ENSP00000244007","9606.ENSP00000264972","pp",0.959
"9606.ENSP00000244007","9606.ENSP00000269571","pp",0.981
"9606.ENSP00000244007","9606.ENSP00000424846","pp",0.986
"9606.ENSP00000244007","9606.ENSP00000261799","pp",0.999
"9606.ENSP00000245414","9606.ENSP00000482259","pp",0.704
"9606.ENSP00000245414","9606.ENSP00000382707","pp",0.713
"9606.ENSP00000245414","9606.ENSP00000371471","pp",0.718
"9606.ENSP00000245414","9606.ENSP00000360876","pp",0.723
"9606.ENSP00000245414","9606.ENSP00000301887","pp",0.73
"9606.ENSP00000245414","9606.ENSP00000490935","pp",0.735
"9606.ENSP00000245414","9606.ENSP00000496832","pp",0.74
"9606.ENSP00000245414","9606.ENSP00000359490","pp",0.74
"9606.ENSP00000245414","9606.ENSP00000357000","pp",0.741
"9606.ENSP00000245414","9606.ENSP00000358092","pp",0.742
"9606.ENSP00000245414","9606.ENSP00000395590","pp",0.786
"9606.ENSP00000245414","9606.ENSP00000497271","pp",0.786
"9606.ENSP00000245414","9606.ENSP00000354822","pp",0.787
"9606.ENSP00000245414","9606.ENSP00000330341","pp",0.789
"9606.ENSP00000245414","9606.ENSP00000359488","pp",0.797
"9606.ENSP00000245414","9606.ENSP00000359497","pp",0.819
"9606.ENSP00000245414","9606.ENSP00000496577","pp",0.821
"9606.ENSP00000245414","9606.ENSP00000346206","pp",0.821
"9606.ENSP00000245414","9606.ENSP00000359504","pp",0.83
"9606.ENSP00000245414","9606.ENSP00000360266","pp",0.919
"9606.ENSP00000245414","9606.ENSP00000354394","pp",0.999
"9606.ENSP00000245919","9606.ENSP00000350359","pp",0.774
"9606.ENSP00000245919","9606.ENSP00000344352","pp",0.941
"9606.ENSP00000245919","9606.ENSP00000360266","pp",0.999
"9606.ENSP00000245960","9606.ENSP00000310649","pp",0.735
"9606.ENSP00000247668","9606.ENSP00000359663","pp",0.742
"9606.ENSP00000247668","9606.ENSP00000360266","pp",0.788
"9606.ENSP00000247668","9606.ENSP00000354911","pp",0.876
"9606.ENSP00000247668","9606.ENSP00000354952","pp",0.9
"9606.ENSP00000247668","9606.ENSP00000477713","pp",0.914
"9606.ENSP00000247668","9606.ENSP00000261464","pp",0.998
"9606.ENSP00000248553","9606.ENSP00000378332","pp",0.703
"9606.ENSP00000248553","9606.ENSP00000310219","pp",0.744
"9606.ENSP00000248553","9606.ENSP00000307786","pp",0.993
"9606.ENSP00000248846","9606.ENSP00000343818","pp",0.705
"9606.ENSP00000248846","9606.ENSP00000311500","pp",0.918
"9606.ENSP00000248948","9606.ENSP00000259633","pp",0.753
"9606.ENSP00000248948","9606.ENSP00000259089","pp",0.763
"9606.ENSP00000248948","9606.ENSP00000451506","pp",0.836
"9606.ENSP00000248948","9606.ENSP00000313419","pp",0.847
"9606.ENSP00000248948","9606.ENSP00000356936","pp",0.886
"9606.ENSP00000248948","9606.ENSP00000376544","pp",0.925
"9606.ENSP00000252506","9606.ENSP00000393762","pp",0.746
"9606.ENSP00000252506","9606.ENSP00000375986","pp",0.997
"9606.ENSP00000252729","9606.ENSP00000352608","pp",0.747
"9606.ENSP00000252729","9606.ENSP00000419101","pp",0.756
"9606.ENSP00000252999","9606.ENSP00000262407","pp",0.708
"9606.ENSP00000252999","9606.ENSP00000452786","pp",0.797
"9606.ENSP00000253107","9606.ENSP00000328854","pp",0.724
"9606.ENSP00000253107","9606.ENSP00000363642","pp",0.731
"9606.ENSP00000253107","9606.ENSP00000371858","pp",0.781
"9606.ENSP00000253107","9606.ENSP00000323858","pp",0.809
"9606.ENSP00000253107","9606.ENSP00000261015","pp",0.831
"9606.ENSP00000253107","9606.ENSP00000339145","pp",0.928
"9606.ENSP00000253107","9606.ENSP00000322396","pp",0.931
"9606.ENSP00000253107","9606.ENSP00000432119","pp",0.941
"9606.ENSP00000253107","9606.ENSP00000355899","pp",0.966
"9606.ENSP00000254667","9606.ENSP00000351446","pp",0.702
"9606.ENSP00000255416","9606.ENSP00000260010","pp",0.836
"9606.ENSP00000255416","9606.ENSP00000438406","pp",0.994
"9606.ENSP00000256722","9606.ENSP00000342513","pp",0.733
"9606.ENSP00000256722","9606.ENSP00000490935","pp",0.736
"9606.ENSP00000256722","9606.ENSP00000496832","pp",0.746
"9606.ENSP00000256722","9606.ENSP00000353512","pp",0.769
"9606.ENSP00000256722","9606.ENSP00000388001","pp",0.776
"9606.ENSP00000256722","9606.ENSP00000359783","pp",0.79
"9606.ENSP00000256722","9606.ENSP00000342278","pp",0.794
"9606.ENSP00000256722","9606.ENSP00000380697","pp",0.808
"9606.ENSP00000256722","9606.ENSP00000497271","pp",0.808
"9606.ENSP00000256722","9606.ENSP00000318982","pp",0.832
"9606.ENSP00000256722","9606.ENSP00000359787","pp",0.855
"9606.ENSP00000256722","9606.ENSP00000377344","pp",0.889
"9606.ENSP00000256722","9606.ENSP00000360876","pp",0.904
"9606.ENSP00000256722","9606.ENSP00000389948","pp",0.904
"9606.ENSP00000256722","9606.ENSP00000257770","pp",0.916
"9606.ENSP00000256722","9606.ENSP00000349576","pp",0.955
"9606.ENSP00000256722","9606.ENSP00000371471","pp",0.976
"9606.ENSP00000257245","9606.ENSP00000413908","pp",0.714
"9606.ENSP00000257749","9606.ENSP00000358092","pp",0.809
"9606.ENSP00000257770","9606.ENSP00000347046","pp",0.733
"9606.ENSP00000257770","9606.ENSP00000313419","pp",0.816
"9606.ENSP00000257770","9606.ENSP00000307786","pp",0.869
"9606.ENSP00000257770","9606.ENSP00000349576","pp",0.912
"9606.ENSP00000257770","9606.ENSP00000389948","pp",0.918
"9606.ENSP00000258729","9606.ENSP00000344401","pp",0.713
"9606.ENSP00000258729","9606.ENSP00000454545","pp",0.72
"9606.ENSP00000258729","9606.ENSP00000418823","pp",0.794
"9606.ENSP00000258774","9606.ENSP00000336701","pp",0.71
"9606.ENSP00000258774","9606.ENSP00000347232","pp",0.783
"9606.ENSP00000258774","9606.ENSP00000365588","pp",0.801
"9606.ENSP00000258774","9606.ENSP00000265433","pp",0.843
"9606.ENSP00000258774","9606.ENSP00000298139","pp",0.873
"9606.ENSP00000258774","9606.ENSP00000500891","pp",0.88
"9606.ENSP00000258774","9606.ENSP00000426191","pp",0.999
"9606.ENSP00000258955","9606.ENSP00000364119","pp",0.759
"9606.ENSP00000258955","9606.ENSP00000373404","pp",0.84
"9606.ENSP00000258955","9606.ENSP00000306902","pp",0.841
"9606.ENSP00000258955","9606.ENSP00000362744","pp",0.842
"9606.ENSP00000258955","9606.ENSP00000395590","pp",0.922
"9606.ENSP00000258955","9606.ENSP00000333837","pp",0.972
"9606.ENSP00000259030","9606.ENSP00000326247","pp",0.711
"9606.ENSP00000259030","9606.ENSP00000318982","pp",0.73
"9606.ENSP00000259030","9606.ENSP00000464087","pp",0.752
"9606.ENSP00000259030","9606.ENSP00000359787","pp",0.759
"9606.ENSP00000259030","9606.ENSP00000354822","pp",0.781
"9606.ENSP00000259030","9606.ENSP00000377344","pp",0.801
"9606.ENSP00000259030","9606.ENSP00000497271","pp",0.803
"9606.ENSP00000259030","9606.ENSP00000353512","pp",0.805
"9606.ENSP00000259030","9606.ENSP00000359504","pp",0.811
"9606.ENSP00000259030","9606.ENSP00000380697","pp",0.813
"9606.ENSP00000259030","9606.ENSP00000360876","pp",0.847
"9606.ENSP00000259030","9606.ENSP00000395590","pp",0.859
"9606.ENSP00000259030","9606.ENSP00000388001","pp",0.874
"9606.ENSP00000259030","9606.ENSP00000342278","pp",0.88
"9606.ENSP00000259030","9606.ENSP00000496832","pp",0.894
"9606.ENSP00000259030","9606.ENSP00000371471","pp",0.927
"9606.ENSP00000259030","9606.ENSP00000359783","pp",0.932
"9606.ENSP00000259089","9606.ENSP00000376786","pp",0.741
"9606.ENSP00000259089","9606.ENSP00000356936","pp",0.855
"9606.ENSP00000259089","9606.ENSP00000313419","pp",0.878
"9606.ENSP00000259089","9606.ENSP00000320509","pp",0.912
"9606.ENSP00000259089","9606.ENSP00000376544","pp",0.921
"9606.ENSP00000259633","9606.ENSP00000356936","pp",0.704
"9606.ENSP00000259633","9606.ENSP00000313419","pp",0.78
"9606.ENSP00000259633","9606.ENSP00000376544","pp",0.801
"9606.ENSP00000259633","9606.ENSP00000342681","pp",0.994
"9606.ENSP00000259989","9606.ENSP00000436423","pp",0.85
"9606.ENSP00000260010","9606.ENSP00000385428","pp",0.701
"9606.ENSP00000260010","9606.ENSP00000375629","pp",0.705
"9606.ENSP00000260010","9606.ENSP00000296435","pp",0.707
"9606.ENSP00000260010","9606.ENSP00000330341","pp",0.732
"9606.ENSP00000260010","9606.ENSP00000386559","pp",0.748
"9606.ENSP00000260010","9606.ENSP00000359663","pp",0.753
"9606.ENSP00000260010","9606.ENSP00000482259","pp",0.763
"9606.ENSP00000260010","9606.ENSP00000454623","pp",0.763
"9606.ENSP00000260010","9606.ENSP00000292301","pp",0.764
"9606.ENSP00000260010","9606.ENSP00000356946","pp",0.777
"9606.ENSP00000260010","9606.ENSP00000380697","pp",0.784
"9606.ENSP00000260010","9606.ENSP00000271450","pp",0.785
"9606.ENSP00000260010","9606.ENSP00000361405","pp",0.802
"9606.ENSP00000260010","9606.ENSP00000263071","pp",0.807
"9606.ENSP00000260010","9606.ENSP00000318916","pp",0.814
"9606.ENSP00000260010","9606.ENSP00000310219","pp",0.926
"9606.ENSP00000260010","9606.ENSP00000496355","pp",0.982
"9606.ENSP00000260010","9606.ENSP00000354932","pp",0.999
"9606.ENSP00000261015","9606.ENSP00000333934","pp",0.723
"9606.ENSP00000261015","9606.ENSP00000395590","pp",0.779
"9606.ENSP00000261015","9606.ENSP00000323858","pp",0.807
"9606.ENSP00000261015","9606.ENSP00000361232","pp",0.874
"9606.ENSP00000261015","9606.ENSP00000363642","pp",0.887
"9606.ENSP00000261015","9606.ENSP00000355899","pp",0.907
"9606.ENSP00000261015","9606.ENSP00000314348","pp",0.921
"9606.ENSP00000261015","9606.ENSP00000328854","pp",0.925
"9606.ENSP00000261015","9606.ENSP00000371169","pp",0.945
"9606.ENSP00000261015","9606.ENSP00000322396","pp",0.974
"9606.ENSP00000261015","9606.ENSP00000371858","pp",0.975
"9606.ENSP00000261015","9606.ENSP00000339145","pp",0.979
"9606.ENSP00000261015","9606.ENSP00000432119","pp",0.998
"9606.ENSP00000261340","9606.ENSP00000438038","pp",0.812
"9606.ENSP00000261366","9606.ENSP00000333277","pp",0.753
"9606.ENSP00000261652","9606.ENSP00000313419","pp",0.809
"9606.ENSP00000261652","9606.ENSP00000359663","pp",0.938
"9606.ENSP00000261799","9606.ENSP00000358363","pp",0.711
"9606.ENSP00000261799","9606.ENSP00000296545","pp",0.715
"9606.ENSP00000261799","9606.ENSP00000452786","pp",0.727
"9606.ENSP00000261799","9606.ENSP00000354394","pp",0.816
"9606.ENSP00000261799","9606.ENSP00000269571","pp",0.874
"9606.ENSP00000261799","9606.ENSP00000311127","pp",0.891
"9606.ENSP00000261799","9606.ENSP00000354952","pp",0.92
"9606.ENSP00000261799","9606.ENSP00000265171","pp",0.989
"9606.ENSP00000261799","9606.ENSP00000346508","pp",0.999
"9606.ENSP00000261799","9606.ENSP00000376865","pp",0.999
"9606.ENSP00000262158","9606.ENSP00000361107","pp",0.902
"9606.ENSP00000262158","9606.ENSP00000354394","pp",0.902
"9606.ENSP00000262188","9606.ENSP00000357000","pp",0.819
"9606.ENSP00000262304","9606.ENSP00000466134","pp",0.774
"9606.ENSP00000262407","9606.ENSP00000271450","pp",0.706
"9606.ENSP00000262407","9606.ENSP00000420213","pp",0.716
"9606.ENSP00000262407","9606.ENSP00000334145","pp",0.718
"9606.ENSP00000262407","9606.ENSP00000438406","pp",0.733
"9606.ENSP00000262407","9606.ENSP00000402855","pp",0.832
"9606.ENSP00000262407","9606.ENSP00000361548","pp",0.88
"9606.ENSP00000262407","9606.ENSP00000359663","pp",0.934
"9606.ENSP00000262407","9606.ENSP00000263686","pp",0.965
"9606.ENSP00000262407","9606.ENSP00000452786","pp",0.999
"9606.ENSP00000262430","9606.ENSP00000304592","pp",0.899
"9606.ENSP00000262430","9606.ENSP00000341044","pp",0.956
"9606.ENSP00000263285","9606.ENSP00000438406","pp",0.706
"9606.ENSP00000263285","9606.ENSP00000357036","pp",0.764
"9606.ENSP00000263686","9606.ENSP00000402855","pp",0.844
"9606.ENSP00000263686","9606.ENSP00000334145","pp",0.905
"9606.ENSP00000263686","9606.ENSP00000452786","pp",0.928
"9606.ENSP00000263686","9606.ENSP00000359663","pp",0.951
"9606.ENSP00000263686","9606.ENSP00000481841","pp",0.995
"9606.ENSP00000263734","9606.ENSP00000360266","pp",0.716
"9606.ENSP00000264072","9606.ENSP00000313419","pp",0.72
"9606.ENSP00000264260","9606.ENSP00000387211","pp",0.999
"9606.ENSP00000264709","9606.ENSP00000332194","pp",0.775
"9606.ENSP00000264709","9606.ENSP00000358155","pp",0.776
"9606.ENSP00000264709","9606.ENSP00000366347","pp",0.865
"9606.ENSP00000264709","9606.ENSP00000358154","pp",0.91
"9606.ENSP00000264709","9606.ENSP00000366999","pp",0.912
"9606.ENSP00000264709","9606.ENSP00000315931","pp",0.913
"9606.ENSP00000264709","9606.ENSP00000367030","pp",0.926
"9606.ENSP00000264709","9606.ENSP00000355780","pp",0.931
"9606.ENSP00000264709","9606.ENSP00000451506","pp",0.952
"9606.ENSP00000264709","9606.ENSP00000333277","pp",0.999
"9606.ENSP00000264951","9606.ENSP00000296577","pp",0.726
"9606.ENSP00000264951","9606.ENSP00000402515","pp",0.751
"9606.ENSP00000264972","9606.ENSP00000433642","pp",0.763
"9606.ENSP00000264972","9606.ENSP00000497102","pp",0.77
"9606.ENSP00000264972","9606.ENSP00000424846","pp",0.773
"9606.ENSP00000264972","9606.ENSP00000496577","pp",0.776
"9606.ENSP00000264972","9606.ENSP00000356946","pp",0.781
"9606.ENSP00000264972","9606.ENSP00000376544","pp",0.798
"9606.ENSP00000264972","9606.ENSP00000357169","pp",0.83
"9606.ENSP00000264972","9606.ENSP00000338171","pp",0.845
"9606.ENSP00000264972","9606.ENSP00000342681","pp",0.883
"9606.ENSP00000264972","9606.ENSP00000324890","pp",0.941
"9606.ENSP00000264972","9606.ENSP00000331172","pp",0.961
"9606.ENSP00000264972","9606.ENSP00000317327","pp",0.963
"9606.ENSP00000264972","9606.ENSP00000386559","pp",0.992
"9606.ENSP00000264972","9606.ENSP00000477713","pp",0.999
"9606.ENSP00000265056","9606.ENSP00000307143","pp",0.755
"9606.ENSP00000265056","9606.ENSP00000489236","pp",0.909
"9606.ENSP00000265056","9606.ENSP00000479461","pp",0.909
"9606.ENSP00000265056","9606.ENSP00000484789","pp",0.91
"9606.ENSP00000265056","9606.ENSP00000355780","pp",0.918
"9606.ENSP00000265056","9606.ENSP00000366999","pp",0.923
"9606.ENSP00000265056","9606.ENSP00000358154","pp",0.924
"9606.ENSP00000265056","9606.ENSP00000333277","pp",0.97
"9606.ENSP00000265056","9606.ENSP00000368358","pp",0.977
"9606.ENSP00000265056","9606.ENSP00000441953","pp",0.997
"9606.ENSP00000265056","9606.ENSP00000401018","pp",0.999
"9606.ENSP00000265071","9606.ENSP00000269141","pp",0.833
"9606.ENSP00000265171","9606.ENSP00000361548","pp",0.707
"9606.ENSP00000265171","9606.ENSP00000370698","pp",0.725
"9606.ENSP00000265171","9606.ENSP00000361405","pp",0.741
"9606.ENSP00000265171","9606.ENSP00000366306","pp",0.742
"9606.ENSP00000265171","9606.ENSP00000379111","pp",0.75
"9606.ENSP00000265171","9606.ENSP00000484824","pp",0.763
"9606.ENSP00000265171","9606.ENSP00000273261","pp",0.776
"9606.ENSP00000265171","9606.ENSP00000269141","pp",0.784
"9606.ENSP00000265171","9606.ENSP00000330393","pp",0.817
"9606.ENSP00000265171","9606.ENSP00000320543","pp",0.836
"9606.ENSP00000265171","9606.ENSP00000360266","pp",0.89
"9606.ENSP00000265171","9606.ENSP00000376865","pp",0.937
"9606.ENSP00000265171","9606.ENSP00000346508","pp",0.95
"9606.ENSP00000265171","9606.ENSP00000269571","pp",0.999
"9606.ENSP00000265295","9606.ENSP00000370989","pp",0.818
"9606.ENSP00000265404","9606.ENSP00000350224","pp",0.773
"9606.ENSP00000265433","9606.ENSP00000336701","pp",0.816
"9606.ENSP00000265433","9606.ENSP00000426191","pp",0.854
"9606.ENSP00000265433","9606.ENSP00000287647","pp",0.858
"9606.ENSP00000265433","9606.ENSP00000347232","pp",0.925
"9606.ENSP00000265433","9606.ENSP00000298139","pp",0.927
"9606.ENSP00000265433","9606.ENSP00000365588","pp",0.994
"9606.ENSP00000266987","9606.ENSP00000321347","pp",0.725
"9606.ENSP00000268058","9606.ENSP00000369299","pp",0.712
"9606.ENSP00000268058","9606.ENSP00000360266","pp",0.779
"9606.ENSP00000268058","9606.ENSP00000333277","pp",0.784
"9606.ENSP00000268058","9606.ENSP00000354394","pp",0.901
"9606.ENSP00000269141","9606.ENSP00000269571","pp",0.735
"9606.ENSP00000269141","9606.ENSP00000361405","pp",0.787
"9606.ENSP00000269571","9606.ENSP00000386559","pp",0.72
"9606.ENSP00000269571","9606.ENSP00000376865","pp",0.726
"9606.ENSP00000269571","9606.ENSP00000324890","pp",0.73
"9606.ENSP00000269571","9606.ENSP00000346508","pp",0.746
"9606.ENSP00000269571","9606.ENSP00000360266","pp",0.759
"9606.ENSP00000269571","9606.ENSP00000311127","pp",0.777
"9606.ENSP00000269571","9606.ENSP00000433642","pp",0.789
"9606.ENSP00000269571","9606.ENSP00000370989","pp",0.798
"9606.ENSP00000269571","9606.ENSP00000354394","pp",0.821
"9606.ENSP00000269571","9606.ENSP00000273261","pp",0.828
"9606.ENSP00000269571","9606.ENSP00000356946","pp",0.839
"9606.ENSP00000269571","9606.ENSP00000358165","pp",0.879
"9606.ENSP00000269571","9606.ENSP00000378485","pp",0.898
"9606.ENSP00000269571","9606.ENSP00000484824","pp",0.979
"9606.ENSP00000271450","9606.ENSP00000324890","pp",0.712
"9606.ENSP00000271450","9606.ENSP00000313419","pp",0.768
"9606.ENSP00000271450","9606.ENSP00000386559","pp",0.78
"9606.ENSP00000271450","9606.ENSP00000356016","pp",0.791
"9606.ENSP00000271450","9606.ENSP00000347714","pp",0.856
"9606.ENSP00000271450","9606.ENSP00000454623","pp",0.875
"9606.ENSP00000271450","9606.ENSP00000356946","pp",0.917
"9606.ENSP00000271450","9606.ENSP00000358165","pp",0.923
"9606.ENSP00000272928","9606.ENSP00000292174","pp",0.711
"9606.ENSP00000272928","9606.ENSP00000482259","pp",0.742
"9606.ENSP00000272928","9606.ENSP00000436607","pp",0.873
"9606.ENSP00000273261","9606.ENSP00000450527","pp",0.744
"9606.ENSP00000277010","9606.ENSP00000332407","pp",0.727
"9606.ENSP00000277010","9606.ENSP00000279263","pp",0.886
"9606.ENSP00000277010","9606.ENSP00000347717","pp",0.891
"9606.ENSP00000278060","9606.ENSP00000300079","pp",0.762
"9606.ENSP00000278407","9606.ENSP00000466090","pp",0.716
"9606.ENSP00000278407","9606.ENSP00000363770","pp",0.959
"9606.ENSP00000278407","9606.ENSP00000363773","pp",0.973
"9606.ENSP00000278407","9606.ENSP00000313967","pp",0.98
"9606.ENSP00000279022","9606.ENSP00000354826","pp",0.844
"9606.ENSP00000279022","9606.ENSP00000353452","pp",0.989
"9606.ENSP00000279263","9606.ENSP00000380837","pp",0.779
"9606.ENSP00000280258","9606.ENSP00000468308","pp",0.72
"9606.ENSP00000280701","9606.ENSP00000341044","pp",0.703
"9606.ENSP00000280701","9606.ENSP00000378105","pp",0.921
"9606.ENSP00000280701","9606.ENSP00000304592","pp",0.952
"9606.ENSP00000281821","9606.ENSP00000386741","pp",0.767
"9606.ENSP00000282903","9606.ENSP00000367755","pp",0.9
"9606.ENSP00000286918","9606.ENSP00000321388","pp",0.9
"9606.ENSP00000287078","9606.ENSP00000349016","pp",0.789
"9606.ENSP00000287156","9606.ENSP00000359504","pp",0.706
"9606.ENSP00000287156","9606.ENSP00000464087","pp",0.731
"9606.ENSP00000287156","9606.ENSP00000388001","pp",0.769
"9606.ENSP00000287156","9606.ENSP00000342278","pp",0.779
"9606.ENSP00000287156","9606.ENSP00000360876","pp",0.811
"9606.ENSP00000287156","9606.ENSP00000497271","pp",0.863
"9606.ENSP00000287156","9606.ENSP00000395590","pp",0.895
"9606.ENSP00000287156","9606.ENSP00000354394","pp",0.915
"9606.ENSP00000287156","9606.ENSP00000349156","pp",0.973
"9606.ENSP00000287156","9606.ENSP00000496832","pp",0.994
"9606.ENSP00000287239","9606.ENSP00000366999","pp",0.922
"9606.ENSP00000287239","9606.ENSP00000358154","pp",0.922
"9606.ENSP00000287239","9606.ENSP00000355780","pp",0.922
"9606.ENSP00000287239","9606.ENSP00000333277","pp",0.985
"9606.ENSP00000287239","9606.ENSP00000362166","pp",0.998
"9606.ENSP00000287647","9606.ENSP00000355185","pp",0.86
"9606.ENSP00000287647","9606.ENSP00000298139","pp",0.871
"9606.ENSP00000287647","9606.ENSP00000347232","pp",0.933
"9606.ENSP00000287647","9606.ENSP00000336701","pp",0.934
"9606.ENSP00000287647","9606.ENSP00000365588","pp",0.936
"9606.ENSP00000287647","9606.ENSP00000373952","pp",0.999
"9606.ENSP00000289316","9606.ENSP00000408617","pp",0.732
"9606.ENSP00000289316","9606.ENSP00000318297","pp",0.757
"9606.ENSP00000289316","9606.ENSP00000332790","pp",0.797
"9606.ENSP00000289316","9606.ENSP00000366999","pp",0.897
"9606.ENSP00000289316","9606.ENSP00000358154","pp",0.906
"9606.ENSP00000289316","9606.ENSP00000332194","pp",0.925
"9606.ENSP00000289316","9606.ENSP00000479461","pp",0.937
"9606.ENSP00000289316","9606.ENSP00000484789","pp",0.946
"9606.ENSP00000289316","9606.ENSP00000489236","pp",0.965
"9606.ENSP00000289316","9606.ENSP00000348924","pp",0.971
"9606.ENSP00000289316","9606.ENSP00000358155","pp",0.975
"9606.ENSP00000289316","9606.ENSP00000438553","pp",0.979
"9606.ENSP00000289316","9606.ENSP00000333277","pp",0.985
"9606.ENSP00000291539","9606.ENSP00000311405","pp",0.72
"9606.ENSP00000291539","9606.ENSP00000384484","pp",0.728
"9606.ENSP00000291539","9606.ENSP00000294016","pp",0.731
"9606.ENSP00000291539","9606.ENSP00000296518","pp",0.805
"9606.ENSP00000291539","9606.ENSP00000408292","pp",0.815
"9606.ENSP00000291860","9606.ENSP00000339634","pp",0.904
"9606.ENSP00000291860","9606.ENSP00000438038","pp",0.946
"9606.ENSP00000292174","9606.ENSP00000324890","pp",0.704
"9606.ENSP00000292174","9606.ENSP00000483330","pp",0.721
"9606.ENSP00000292174","9606.ENSP00000441600","pp",0.734
"9606.ENSP00000292174","9606.ENSP00000292301","pp",0.736
"9606.ENSP00000292174","9606.ENSP00000333919","pp",0.751
"9606.ENSP00000292174","9606.ENSP00000343952","pp",0.801
"9606.ENSP00000292174","9606.ENSP00000386559","pp",0.855
"9606.ENSP00000292174","9606.ENSP00000482259","pp",0.86
"9606.ENSP00000292174","9606.ENSP00000359663","pp",0.869
"9606.ENSP00000292174","9606.ENSP00000375086","pp",0.873
"9606.ENSP00000292174","9606.ENSP00000384371","pp",0.894
"9606.ENSP00000292174","9606.ENSP00000313419","pp",0.895
"9606.ENSP00000292301","9606.ENSP00000497102","pp",0.725
"9606.ENSP00000292301","9606.ENSP00000454623","pp",0.754
"9606.ENSP00000292301","9606.ENSP00000356946","pp",0.761
"9606.ENSP00000292301","9606.ENSP00000433642","pp",0.764
"9606.ENSP00000292301","9606.ENSP00000358165","pp",0.821
"9606.ENSP00000292301","9606.ENSP00000386559","pp",0.84
"9606.ENSP00000292301","9606.ENSP00000483330","pp",0.878
"9606.ENSP00000292301","9606.ENSP00000375086","pp",0.883
"9606.ENSP00000292301","9606.ENSP00000349967","pp",0.972
"9606.ENSP00000292301","9606.ENSP00000441600","pp",0.98
"9606.ENSP00000292301","9606.ENSP00000343952","pp",0.986
"9606.ENSP00000292301","9606.ENSP00000482259","pp",0.999
"9606.ENSP00000292879","9606.ENSP00000366604","pp",0.742
"9606.ENSP00000293851","9606.ENSP00000331040","pp",0.704
"9606.ENSP00000293879","9606.ENSP00000351132","pp",0.716
"9606.ENSP00000294016","9606.ENSP00000347046","pp",0.762
"9606.ENSP00000294016","9606.ENSP00000477796","pp",0.8
"9606.ENSP00000294016","9606.ENSP00000345502","pp",0.806
"9606.ENSP00000294016","9606.ENSP00000371594","pp",0.806
"9606.ENSP00000294016","9606.ENSP00000368452","pp",0.912
"9606.ENSP00000294016","9606.ENSP00000384484","pp",0.933
"9606.ENSP00000294016","9606.ENSP00000311405","pp",0.958
"9606.ENSP00000296149","9606.ENSP00000379267","pp",0.999
"9606.ENSP00000296161","9606.ENSP00000359787","pp",0.718
"9606.ENSP00000296161","9606.ENSP00000354394","pp",0.926
"9606.ENSP00000296161","9606.ENSP00000417214","pp",0.954
"9606.ENSP00000296161","9606.ENSP00000418194","pp",0.975
"9606.ENSP00000296161","9606.ENSP00000353512","pp",0.999
"9606.ENSP00000296435","9606.ENSP00000357726","pp",0.749
"9606.ENSP00000296435","9606.ENSP00000361405","pp",0.789
"9606.ENSP00000296435","9606.ENSP00000360266","pp",0.923
"9606.ENSP00000296435","9606.ENSP00000466090","pp",0.991
"9606.ENSP00000296518","9606.ENSP00000477796","pp",0.833
"9606.ENSP00000296518","9606.ENSP00000347046","pp",0.85
"9606.ENSP00000296518","9606.ENSP00000368452","pp",0.903
"9606.ENSP00000296545","9606.ENSP00000330393","pp",0.711
"9606.ENSP00000296545","9606.ENSP00000370989","pp",0.717
"9606.ENSP00000296545","9606.ENSP00000327824","pp",0.724
"9606.ENSP00000296545","9606.ENSP00000412209","pp",0.725
"9606.ENSP00000296545","9606.ENSP00000438038","pp",0.733
"9606.ENSP00000296545","9606.ENSP00000359663","pp",0.745
"9606.ENSP00000296545","9606.ENSP00000354394","pp",0.753
"9606.ENSP00000296545","9606.ENSP00000370698","pp",0.756
"9606.ENSP00000296545","9606.ENSP00000482259","pp",0.808
"9606.ENSP00000296545","9606.ENSP00000342156","pp",0.815
"9606.ENSP00000296545","9606.ENSP00000313419","pp",0.819
"9606.ENSP00000296545","9606.ENSP00000324890","pp",0.842
"9606.ENSP00000296545","9606.ENSP00000379111","pp",0.88
"9606.ENSP00000296545","9606.ENSP00000433642","pp",0.923
"9606.ENSP00000296545","9606.ENSP00000356946","pp",0.924
"9606.ENSP00000296545","9606.ENSP00000386559","pp",0.936
"9606.ENSP00000296577","9606.ENSP00000362744","pp",0.949
"9606.ENSP00000296577","9606.ENSP00000364119","pp",0.953
"9606.ENSP00000296677","9606.ENSP00000334145","pp",0.716
"9606.ENSP00000296861","9606.ENSP00000367013","pp",0.785
"9606.ENSP00000296861","9606.ENSP00000356694","pp",0.786
"9606.ENSP00000297540","9606.ENSP00000308533","pp",0.833
"9606.ENSP00000297540","9606.ENSP00000385410","pp",0.85
"9606.ENSP00000298139","9606.ENSP00000323421","pp",0.734
"9606.ENSP00000298139","9606.ENSP00000347232","pp",0.802
"9606.ENSP00000298139","9606.ENSP00000359181","pp",0.807
"9606.ENSP00000298139","9606.ENSP00000373952","pp",0.831
"9606.ENSP00000298139","9606.ENSP00000365588","pp",0.859
"9606.ENSP00000298139","9606.ENSP00000336701","pp",0.864
"9606.ENSP00000298139","9606.ENSP00000426191","pp",0.899
"9606.ENSP00000298585","9606.ENSP00000371846","pp",0.811
"9606.ENSP00000298910","9606.ENSP00000351132","pp",0.86
"9606.ENSP00000299106","9606.ENSP00000454623","pp",0.741
"9606.ENSP00000299367","9606.ENSP00000378131","pp",0.864
"9606.ENSP00000299367","9606.ENSP00000363770","pp",0.944
"9606.ENSP00000299367","9606.ENSP00000363773","pp",0.95
"9606.ENSP00000299367","9606.ENSP00000313967","pp",0.966
"9606.ENSP00000299638","9606.ENSP00000306123","pp",0.874
"9606.ENSP00000300079","9606.ENSP00000346927","pp",0.873
"9606.ENSP00000301887","9606.ENSP00000360998","pp",0.71
"9606.ENSP00000301887","9606.ENSP00000359488","pp",0.806
"9606.ENSP00000301887","9606.ENSP00000341843","pp",0.866
"9606.ENSP00000301887","9606.ENSP00000360266","pp",0.881
"9606.ENSP00000303515","9606.ENSP00000328854","pp",0.708
"9606.ENSP00000303515","9606.ENSP00000333934","pp",0.821
"9606.ENSP00000304336","9606.ENSP00000385428","pp",0.837
"9606.ENSP00000304336","9606.ENSP00000357112","pp",0.921
"9606.ENSP00000304592","9606.ENSP00000357000","pp",0.752
"9606.ENSP00000304592","9606.ENSP00000347717","pp",0.757
"9606.ENSP00000304592","9606.ENSP00000378105","pp",0.918
"9606.ENSP00000304592","9606.ENSP00000422607","pp",0.981
"9606.ENSP00000304592","9606.ENSP00000341044","pp",0.993
"9606.ENSP00000306123","9606.ENSP00000318297","pp",0.854
"9606.ENSP00000306902","9606.ENSP00000364398","pp",0.707
"9606.ENSP00000306902","9606.ENSP00000395590","pp",0.717
"9606.ENSP00000306902","9606.ENSP00000328854","pp",0.766
"9606.ENSP00000306902","9606.ENSP00000359787","pp",0.778
"9606.ENSP00000306902","9606.ENSP00000446252","pp",0.795
"9606.ENSP00000306902","9606.ENSP00000362744","pp",0.824
"9606.ENSP00000306902","9606.ENSP00000320567","pp",0.883
"9606.ENSP00000306902","9606.ENSP00000308717","pp",0.982
"9606.ENSP00000306902","9606.ENSP00000308275","pp",0.995
"9606.ENSP00000306902","9606.ENSP00000333837","pp",0.998
"9606.ENSP00000306902","9606.ENSP00000373404","pp",0.999
"9606.ENSP00000307143","9606.ENSP00000368358","pp",0.938
"9606.ENSP00000307786","9606.ENSP00000479488","pp",0.719
"9606.ENSP00000307786","9606.ENSP00000446252","pp",0.729
"9606.ENSP00000307786","9606.ENSP00000361405","pp",0.731
"9606.ENSP00000307786","9606.ENSP00000360266","pp",0.829
"9606.ENSP00000307786","9606.ENSP00000444433","pp",0.834
"9606.ENSP00000307786","9606.ENSP00000356694","pp",0.84
"9606.ENSP00000307786","9606.ENSP00000361725","pp",0.939
"9606.ENSP00000307786","9606.ENSP00000358327","pp",0.942
"9606.ENSP00000308000","9606.ENSP00000344401","pp",0.715
"9606.ENSP00000308032","9606.ENSP00000320401","pp",0.732
"9606.ENSP00000308275","9606.ENSP00000320567","pp",0.856
"9606.ENSP00000308275","9606.ENSP00000333837","pp",0.942
"9606.ENSP00000308275","9606.ENSP00000308717","pp",0.953
"9606.ENSP00000308275","9606.ENSP00000373404","pp",0.975
"9606.ENSP00000308717","9606.ENSP00000320567","pp",0.938
"9606.ENSP00000308717","9606.ENSP00000373404","pp",0.938
"9606.ENSP00000308717","9606.ENSP00000333837","pp",0.941
"9606.ENSP00000309338","9606.ENSP00000370698","pp",0.959
"9606.ENSP00000311005","9606.ENSP00000422435","pp",0.921
"9606.ENSP00000311127","9606.ENSP00000340688","pp",0.969
"9606.ENSP00000311405","9606.ENSP00000347046","pp",0.797
"9606.ENSP00000311405","9606.ENSP00000477796","pp",0.8
"9606.ENSP00000311405","9606.ENSP00000345502","pp",0.801
"9606.ENSP00000311405","9606.ENSP00000368452","pp",0.903
"9606.ENSP00000311405","9606.ENSP00000384484","pp",0.919
"9606.ENSP00000311500","9606.ENSP00000343818","pp",0.947
"9606.ENSP00000313419","9606.ENSP00000333919","pp",0.703
"9606.ENSP00000313419","9606.ENSP00000438406","pp",0.703
"9606.ENSP00000313419","9606.ENSP00000358092","pp",0.726
"9606.ENSP00000313419","9606.ENSP00000356058","pp",0.736
"9606.ENSP00000313419","9606.ENSP00000497102","pp",0.766
"9606.ENSP00000313419","9606.ENSP00000356016","pp",0.766
"9606.ENSP00000313419","9606.ENSP00000368450","pp",0.793
"9606.ENSP00000313419","9606.ENSP00000481841","pp",0.796
"9606.ENSP00000313419","9606.ENSP00000343952","pp",0.801
"9606.ENSP00000313419","9606.ENSP00000359663","pp",0.801
"9606.ENSP00000313419","9606.ENSP00000376786","pp",0.806
"9606.ENSP00000313419","9606.ENSP00000370989","pp",0.816
"9606.ENSP00000313419","9606.ENSP00000358165","pp",0.821
"9606.ENSP00000313419","9606.ENSP00000322898","pp",0.821
"9606.ENSP00000313419","9606.ENSP00000384371","pp",0.826
"9606.ENSP00000313419","9606.ENSP00000324890","pp",0.842
"9606.ENSP00000313419","9606.ENSP00000339826","pp",0.855
"9606.ENSP00000313419","9606.ENSP00000451506","pp",0.887
"9606.ENSP00000313419","9606.ENSP00000454623","pp",0.909
"9606.ENSP00000313419","9606.ENSP00000386559","pp",0.913
"9606.ENSP00000313419","9606.ENSP00000356936","pp",0.931
"9606.ENSP00000313419","9606.ENSP00000342681","pp",0.941
"9606.ENSP00000313419","9606.ENSP00000376544","pp",0.991
"9606.ENSP00000313419","9606.ENSP00000433642","pp",0.997
"9606.ENSP00000313419","9606.ENSP00000356946","pp",0.997
"9606.ENSP00000313419","9606.ENSP00000330825","pp",0.999
"9606.ENSP00000313967","9606.ENSP00000363773","pp",0.999
"9606.ENSP00000313967","9606.ENSP00000363770","pp",0.999
"9606.ENSP00000314036","9606.ENSP00000377703","pp",0.713
"9606.ENSP00000314348","9606.ENSP00000371858","pp",0.717
"9606.ENSP00000314348","9606.ENSP00000371169","pp",0.737
"9606.ENSP00000314348","9606.ENSP00000395929","pp",0.765
"9606.ENSP00000314348","9606.ENSP00000432119","pp",0.884
"9606.ENSP00000314348","9606.ENSP00000361232","pp",0.891
"9606.ENSP00000314348","9606.ENSP00000323858","pp",0.925
"9606.ENSP00000314348","9606.ENSP00000363642","pp",0.944
"9606.ENSP00000315351","9606.ENSP00000362166","pp",0.732
"9606.ENSP00000316338","9606.ENSP00000335055","pp",0.913
"9606.ENSP00000316491","9606.ENSP00000347714","pp",0.844
"9606.ENSP00000316543","9606.ENSP00000420213","pp",0.715
"9606.ENSP00000318297","9606.ENSP00000402515","pp",0.8
"9606.ENSP00000318297","9606.ENSP00000377958","pp",0.841
"9606.ENSP00000318297","9606.ENSP00000479461","pp",0.861
"9606.ENSP00000318297","9606.ENSP00000489236","pp",0.862
"9606.ENSP00000318297","9606.ENSP00000484789","pp",0.862
"9606.ENSP00000318297","9606.ENSP00000332194","pp",0.875
"9606.ENSP00000318297","9606.ENSP00000366999","pp",0.876
"9606.ENSP00000318297","9606.ENSP00000358155","pp",0.877
"9606.ENSP00000318297","9606.ENSP00000340347","pp",0.905
"9606.ENSP00000318297","9606.ENSP00000351446","pp",0.939
"9606.ENSP00000318297","9606.ENSP00000463154","pp",0.949
"9606.ENSP00000318297","9606.ENSP00000362166","pp",0.982
"9606.ENSP00000318351","9606.ENSP00000357873","pp",0.753
"9606.ENSP00000318351","9606.ENSP00000477341","pp",0.962
"9606.ENSP00000318355","9606.ENSP00000405899","pp",0.943
"9606.ENSP00000318635","9606.ENSP00000376765","pp",0.709
"9606.ENSP00000318868","9606.ENSP00000377617","pp",0.997
"9606.ENSP00000318982","9606.ENSP00000483430","pp",0.711
"9606.ENSP00000318982","9606.ENSP00000342513","pp",0.75
"9606.ENSP00000318982","9606.ENSP00000359490","pp",0.767
"9606.ENSP00000318982","9606.ENSP00000359504","pp",0.78
"9606.ENSP00000318982","9606.ENSP00000377344","pp",0.795
"9606.ENSP00000318982","9606.ENSP00000496832","pp",0.796
"9606.ENSP00000318982","9606.ENSP00000388001","pp",0.808
"9606.ENSP00000318982","9606.ENSP00000490935","pp",0.808
"9606.ENSP00000318982","9606.ENSP00000354394","pp",0.837
"9606.ENSP00000318982","9606.ENSP00000497271","pp",0.851
"9606.ENSP00000318982","9606.ENSP00000354822","pp",0.862
"9606.ENSP00000318982","9606.ENSP00000418194","pp",0.862
"9606.ENSP00000318982","9606.ENSP00000326247","pp",0.89
"9606.ENSP00000318982","9606.ENSP00000342278","pp",0.891
"9606.ENSP00000318982","9606.ENSP00000360876","pp",0.897
"9606.ENSP00000318982","9606.ENSP00000353512","pp",0.9
"9606.ENSP00000318982","9606.ENSP00000371471","pp",0.9
"9606.ENSP00000318982","9606.ENSP00000359783","pp",0.909
"9606.ENSP00000318982","9606.ENSP00000359787","pp",0.921
"9606.ENSP00000320543","9606.ENSP00000473001","pp",0.935
"9606.ENSP00000320567","9606.ENSP00000333837","pp",0.85
"9606.ENSP00000320567","9606.ENSP00000373404","pp",0.871
"9606.ENSP00000321077","9606.ENSP00000412209","pp",0.74
"9606.ENSP00000322396","9606.ENSP00000371169","pp",0.75
"9606.ENSP00000322396","9606.ENSP00000385410","pp",0.806
"9606.ENSP00000322396","9606.ENSP00000328854","pp",0.839
"9606.ENSP00000322396","9606.ENSP00000432119","pp",0.908
"9606.ENSP00000322396","9606.ENSP00000363642","pp",0.939
"9606.ENSP00000322396","9606.ENSP00000371858","pp",0.944
"9606.ENSP00000322396","9606.ENSP00000355899","pp",0.955
"9606.ENSP00000322396","9606.ENSP00000339145","pp",0.973
"9606.ENSP00000322898","9606.ENSP00000376786","pp",0.714
"9606.ENSP00000322898","9606.ENSP00000384371","pp",0.715
"9606.ENSP00000323421","9606.ENSP00000333277","pp",0.718
"9606.ENSP00000323421","9606.ENSP00000368358","pp",0.739
"9606.ENSP00000323421","9606.ENSP00000365588","pp",0.92
"9606.ENSP00000323858","9606.ENSP00000361232","pp",0.763
"9606.ENSP00000323858","9606.ENSP00000339145","pp",0.845
"9606.ENSP00000323858","9606.ENSP00000432119","pp",0.873
"9606.ENSP00000323858","9606.ENSP00000363642","pp",0.892
"9606.ENSP00000323858","9606.ENSP00000371858","pp",0.934
"9606.ENSP00000324890","9606.ENSP00000368450","pp",0.724
"9606.ENSP00000324890","9606.ENSP00000358294","pp",0.738
"9606.ENSP00000324890","9606.ENSP00000333919","pp",0.747
"9606.ENSP00000324890","9606.ENSP00000375629","pp",0.769
"9606.ENSP00000324890","9606.ENSP00000334958","pp",0.77
"9606.ENSP00000324890","9606.ENSP00000419085","pp",0.78
"9606.ENSP00000324890","9606.ENSP00000356946","pp",0.824
"9606.ENSP00000324890","9606.ENSP00000433642","pp",0.828
"9606.ENSP00000324890","9606.ENSP00000342681","pp",0.839
"9606.ENSP00000324890","9606.ENSP00000386559","pp",0.961
"9606.ENSP00000324890","9606.ENSP00000380855","pp",0.976
"9606.ENSP00000324890","9606.ENSP00000497102","pp",0.991
"9606.ENSP00000324890","9606.ENSP00000370989","pp",0.997
"9606.ENSP00000324890","9606.ENSP00000477713","pp",0.998
"9606.ENSP00000324890","9606.ENSP00000359663","pp",0.998
"9606.ENSP00000326247","9606.ENSP00000359497","pp",0.7
"9606.ENSP00000326247","9606.ENSP00000359488","pp",0.718
"9606.ENSP00000326247","9606.ENSP00000359504","pp",0.773
"9606.ENSP00000326247","9606.ENSP00000371471","pp",0.781
"9606.ENSP00000326247","9606.ENSP00000497271","pp",0.81
"9606.ENSP00000326247","9606.ENSP00000395590","pp",0.82
"9606.ENSP00000326247","9606.ENSP00000342278","pp",0.835
"9606.ENSP00000326247","9606.ENSP00000418194","pp",0.841
"9606.ENSP00000326247","9606.ENSP00000490935","pp",0.853
"9606.ENSP00000326247","9606.ENSP00000359787","pp",0.866
"9606.ENSP00000326247","9606.ENSP00000354822","pp",0.87
"9606.ENSP00000326247","9606.ENSP00000377344","pp",0.872
"9606.ENSP00000326247","9606.ENSP00000353512","pp",0.872
"9606.ENSP00000326247","9606.ENSP00000354394","pp",0.887
"9606.ENSP00000326247","9606.ENSP00000360876","pp",0.913
"9606.ENSP00000326247","9606.ENSP00000359783","pp",0.914
"9606.ENSP00000327824","9606.ENSP00000354394","pp",0.923
"9606.ENSP00000328230","9606.ENSP00000360268","pp",0.76
"9606.ENSP00000328230","9606.ENSP00000473159","pp",0.782
"9606.ENSP00000328230","9606.ENSP00000450310","pp",0.834
"9606.ENSP00000328854","9606.ENSP00000432119","pp",0.702
"9606.ENSP00000328854","9606.ENSP00000371858","pp",0.771
"9606.ENSP00000328854","9606.ENSP00000369162","pp",0.771
"9606.ENSP00000328854","9606.ENSP00000355899","pp",0.775
"9606.ENSP00000328854","9606.ENSP00000339145","pp",0.869
"9606.ENSP00000328854","9606.ENSP00000362744","pp",0.96
"9606.ENSP00000328854","9606.ENSP00000363642","pp",0.998
"9606.ENSP00000328854","9606.ENSP00000371169","pp",0.998
"9606.ENSP00000330341","9606.ENSP00000376765","pp",0.723
"9606.ENSP00000330341","9606.ENSP00000380697","pp",0.768
"9606.ENSP00000330341","9606.ENSP00000496577","pp",0.969
"9606.ENSP00000330341","9606.ENSP00000354394","pp",0.988
"9606.ENSP00000330341","9606.ENSP00000370698","pp",0.992
"9606.ENSP00000330341","9606.ENSP00000330393","pp",0.994
"9606.ENSP00000330393","9606.ENSP00000418823","pp",0.702
"9606.ENSP00000330825","9606.ENSP00000371471","pp",0.719
"9606.ENSP00000330825","9606.ENSP00000490935","pp",0.738
"9606.ENSP00000330825","9606.ENSP00000359783","pp",0.742
"9606.ENSP00000330825","9606.ENSP00000380697","pp",0.762
"9606.ENSP00000330825","9606.ENSP00000497271","pp",0.777
"9606.ENSP00000330825","9606.ENSP00000342278","pp",0.786
"9606.ENSP00000330825","9606.ENSP00000359787","pp",0.795
"9606.ENSP00000330825","9606.ENSP00000395590","pp",0.805
"9606.ENSP00000330825","9606.ENSP00000354394","pp",0.845
"9606.ENSP00000330825","9606.ENSP00000360876","pp",0.86
"9606.ENSP00000330825","9606.ENSP00000388001","pp",0.863
"9606.ENSP00000330825","9606.ENSP00000382707","pp",0.872
"9606.ENSP00000330825","9606.ENSP00000342513","pp",0.891
"9606.ENSP00000330825","9606.ENSP00000496832","pp",0.903
"9606.ENSP00000330825","9606.ENSP00000483430","pp",0.908
"9606.ENSP00000331040","9606.ENSP00000366347","pp",0.885
"9606.ENSP00000331040","9606.ENSP00000371785","pp",0.909
"9606.ENSP00000331172","9606.ENSP00000386559","pp",0.999
"9606.ENSP00000331544","9606.ENSP00000384169","pp",0.948
"9606.ENSP00000331831","9606.ENSP00000496577","pp",0.794
"9606.ENSP00000331831","9606.ENSP00000377783","pp",0.829
"9606.ENSP00000332194","9606.ENSP00000351446","pp",0.752
"9606.ENSP00000332194","9606.ENSP00000365588","pp",0.759
"9606.ENSP00000332194","9606.ENSP00000362166","pp",0.771
"9606.ENSP00000332194","9606.ENSP00000351947","pp",0.782
"9606.ENSP00000332194","9606.ENSP00000408617","pp",0.799
"9606.ENSP00000332194","9606.ENSP00000438553","pp",0.877
"9606.ENSP00000332194","9606.ENSP00000332790","pp",0.914
"9606.ENSP00000332194","9606.ENSP00000358155","pp",0.938
"9606.ENSP00000332194","9606.ENSP00000366999","pp",0.942
"9606.ENSP00000332194","9606.ENSP00000348924","pp",0.96
"9606.ENSP00000332194","9606.ENSP00000489236","pp",0.973
"9606.ENSP00000332194","9606.ENSP00000484789","pp",0.974
"9606.ENSP00000332194","9606.ENSP00000479461","pp",0.975
"9606.ENSP00000332194","9606.ENSP00000358154","pp",0.979
"9606.ENSP00000332194","9606.ENSP00000333277","pp",0.999
"9606.ENSP00000332407","9606.ENSP00000380837","pp",0.766
"9606.ENSP00000332790","9606.ENSP00000438553","pp",0.803
"9606.ENSP00000332790","9606.ENSP00000355780","pp",0.925
"9606.ENSP00000332790","9606.ENSP00000358155","pp",0.941
"9606.ENSP00000332790","9606.ENSP00000358154","pp",0.951
"9606.ENSP00000332790","9606.ENSP00000489236","pp",0.955
"9606.ENSP00000332790","9606.ENSP00000484789","pp",0.958
"9606.ENSP00000332790","9606.ENSP00000479461","pp",0.962
"9606.ENSP00000332790","9606.ENSP00000333277","pp",0.975
"9606.ENSP00000332812","9606.ENSP00000412209","pp",0.755
"9606.ENSP00000333277","9606.ENSP00000466090","pp",0.728
"9606.ENSP00000333277","9606.ENSP00000408617","pp",0.735
"9606.ENSP00000333277","9606.ENSP00000395929","pp",0.751
"9606.ENSP00000333277","9606.ENSP00000441953","pp",0.79
"9606.ENSP00000333277","9606.ENSP00000440100","pp",0.812
"9606.ENSP00000333277","9606.ENSP00000360266","pp",0.867
"9606.ENSP00000333277","9606.ENSP00000355780","pp",0.871
"9606.ENSP00000333277","9606.ENSP00000348924","pp",0.901
"9606.ENSP00000333277","9606.ENSP00000361918","pp",0.924
"9606.ENSP00000333277","9606.ENSP00000438553","pp",0.927
"9606.ENSP00000333277","9606.ENSP00000358154","pp",0.931
"9606.ENSP00000333277","9606.ENSP00000358262","pp",0.936
"9606.ENSP00000333277","9606.ENSP00000489236","pp",0.946
"9606.ENSP00000333277","9606.ENSP00000484789","pp",0.949
"9606.ENSP00000333277","9606.ENSP00000479461","pp",0.956
"9606.ENSP00000333277","9606.ENSP00000366999","pp",0.959
"9606.ENSP00000333277","9606.ENSP00000357442","pp",0.989
"9606.ENSP00000333277","9606.ENSP00000358155","pp",0.999
"9606.ENSP00000333277","9606.ENSP00000351446","pp",0.999
"9606.ENSP00000333837","9606.ENSP00000373404","pp",0.995
"9606.ENSP00000333919","9606.ENSP00000386559","pp",0.725
"9606.ENSP00000333919","9606.ENSP00000380855","pp",0.749
"9606.ENSP00000333919","9606.ENSP00000342681","pp",0.769
"9606.ENSP00000333919","9606.ENSP00000359663","pp",0.774
"9606.ENSP00000333919","9606.ENSP00000419085","pp",0.832
"9606.ENSP00000333919","9606.ENSP00000497102","pp",0.898
"9606.ENSP00000333919","9606.ENSP00000370989","pp",0.943
"9606.ENSP00000333919","9606.ENSP00000358294","pp",0.953
"9606.ENSP00000334592","9606.ENSP00000347717","pp",0.911
"9606.ENSP00000334657","9606.ENSP00000484824","pp",0.821
"9606.ENSP00000336528","9606.ENSP00000370718","pp",0.707
"9606.ENSP00000336701","9606.ENSP00000426191","pp",0.747
"9606.ENSP00000336701","9606.ENSP00000500891","pp",0.77
"9606.ENSP00000336701","9606.ENSP00000373952","pp",0.819
"9606.ENSP00000336701","9606.ENSP00000347232","pp",0.859
"9606.ENSP00000337445","9606.ENSP00000355185","pp",0.824
"9606.ENSP00000337445","9606.ENSP00000361725","pp",0.853
"9606.ENSP00000338171","9606.ENSP00000477713","pp",0.935
"9606.ENSP00000338171","9606.ENSP00000493623","pp",0.998
"9606.ENSP00000338671","9606.ENSP00000347046","pp",0.741
"9606.ENSP00000339145","9606.ENSP00000385410","pp",0.769
"9606.ENSP00000339145","9606.ENSP00000363642","pp",0.774
"9606.ENSP00000339145","9606.ENSP00000371169","pp",0.783
"9606.ENSP00000339145","9606.ENSP00000371858","pp",0.937
"9606.ENSP00000339145","9606.ENSP00000355899","pp",0.962
"9606.ENSP00000339145","9606.ENSP00000432119","pp",0.986
"9606.ENSP00000339634","9606.ENSP00000358294","pp",0.72
"9606.ENSP00000339634","9606.ENSP00000356946","pp",0.783
"9606.ENSP00000339634","9606.ENSP00000438038","pp",0.789
"9606.ENSP00000339826","9606.ENSP00000423602","pp",0.708
"9606.ENSP00000340329","9606.ENSP00000354394","pp",0.77
"9606.ENSP00000340347","9606.ENSP00000365682","pp",0.75
"9606.ENSP00000341044","9606.ENSP00000422607","pp",0.737
"9606.ENSP00000341044","9606.ENSP00000360268","pp",0.785
"9606.ENSP00000342156","9606.ENSP00000483713","pp",0.79
"9606.ENSP00000342156","9606.ENSP00000438038","pp",0.903
"9606.ENSP00000342156","9606.ENSP00000357036","pp",0.914
"9606.ENSP00000342156","9606.ENSP00000433642","pp",0.916
"9606.ENSP00000342156","9606.ENSP00000356946","pp",0.92
"9606.ENSP00000342278","9606.ENSP00000359497","pp",0.717
"9606.ENSP00000342278","9606.ENSP00000418194","pp",0.751
"9606.ENSP00000342278","9606.ENSP00000369299","pp",0.755
"9606.ENSP00000342278","9606.ENSP00000359504","pp",0.832
"9606.ENSP00000342278","9606.ENSP00000483430","pp",0.866
"9606.ENSP00000342278","9606.ENSP00000353512","pp",0.875
"9606.ENSP00000342278","9606.ENSP00000377344","pp",0.907
"9606.ENSP00000342278","9606.ENSP00000395590","pp",0.908
"9606.ENSP00000342278","9606.ENSP00000497271","pp",0.932
"9606.ENSP00000342278","9606.ENSP00000354822","pp",0.933
"9606.ENSP00000342278","9606.ENSP00000359787","pp",0.935
"9606.ENSP00000342278","9606.ENSP00000490935","pp",0.94
"9606.ENSP00000342278","9606.ENSP00000359783","pp",0.941
"9606.ENSP00000342278","9606.ENSP00000360876","pp",0.947
"9606.ENSP00000342278","9606.ENSP00000371471","pp",0.95
"9606.ENSP00000342278","9606.ENSP00000342513","pp",0.951
"9606.ENSP00000342278","9606.ENSP00000496832","pp",0.951
"9606.ENSP00000342278","9606.ENSP00000380697","pp",0.954
"9606.ENSP00000342278","9606.ENSP00000354394","pp",0.972
"9606.ENSP00000342278","9606.ENSP00000388001","pp",0.999
"9606.ENSP00000342513","9606.ENSP00000377344","pp",0.821
"9606.ENSP00000342513","9606.ENSP00000497271","pp",0.845
"9606.ENSP00000342513","9606.ENSP00000382707","pp",0.862
"9606.ENSP00000342513","9606.ENSP00000490935","pp",0.869
"9606.ENSP00000342513","9606.ENSP00000483430","pp",0.882
"9606.ENSP00000342513","9606.ENSP00000380697","pp",0.914
"9606.ENSP00000342513","9606.ENSP00000395590","pp",0.92
"9606.ENSP00000342513","9606.ENSP00000371471","pp",0.926
"9606.ENSP00000342513","9606.ENSP00000354394","pp",0.934
"9606.ENSP00000342513","9606.ENSP00000354822","pp",0.937
"9606.ENSP00000342513","9606.ENSP00000360876","pp",0.957
"9606.ENSP00000342513","9606.ENSP00000388001","pp",0.959
"9606.ENSP00000342513","9606.ENSP00000496832","pp",0.959
"9606.ENSP00000342513","9606.ENSP00000359783","pp",0.959
"9606.ENSP00000342513","9606.ENSP00000359787","pp",0.968
"9606.ENSP00000342681","9606.ENSP00000438406","pp",0.723
"9606.ENSP00000342681","9606.ENSP00000451506","pp",0.746
"9606.ENSP00000342681","9606.ENSP00000454623","pp",0.769
"9606.ENSP00000342681","9606.ENSP00000481841","pp",0.783
"9606.ENSP00000342681","9606.ENSP00000359663","pp",0.823
"9606.ENSP00000342681","9606.ENSP00000433642","pp",0.828
"9606.ENSP00000342681","9606.ENSP00000376544","pp",0.828
"9606.ENSP00000342681","9606.ENSP00000356946","pp",0.832
"9606.ENSP00000342681","9606.ENSP00000384371","pp",0.863
"9606.ENSP00000342681","9606.ENSP00000477713","pp",0.957
"9606.ENSP00000342681","9606.ENSP00000386559","pp",0.963
"9606.ENSP00000343619","9606.ENSP00000356936","pp",0.718
"9606.ENSP00000343619","9606.ENSP00000378578","pp",0.761
"9606.ENSP00000343818","9606.ENSP00000358363","pp",0.73
"9606.ENSP00000343952","9606.ENSP00000359663","pp",0.714
"9606.ENSP00000343952","9606.ENSP00000354932","pp",0.723
"9606.ENSP00000343952","9606.ENSP00000387211","pp",0.741
"9606.ENSP00000343952","9606.ENSP00000386559","pp",0.77
"9606.ENSP00000343952","9606.ENSP00000483330","pp",0.782
"9606.ENSP00000343952","9606.ENSP00000375086","pp",0.9
"9606.ENSP00000343952","9606.ENSP00000441600","pp",0.921
"9606.ENSP00000343952","9606.ENSP00000482259","pp",0.965
"9606.ENSP00000344352","9606.ENSP00000360266","pp",0.999
"9606.ENSP00000344819","9606.ENSP00000402855","pp",0.798
"9606.ENSP00000345494","9606.ENSP00000497271","pp",0.705
"9606.ENSP00000345494","9606.ENSP00000359783","pp",0.713
"9606.ENSP00000345494","9606.ENSP00000353512","pp",0.713
"9606.ENSP00000345494","9606.ENSP00000354394","pp",0.723
"9606.ENSP00000345494","9606.ENSP00000388001","pp",0.727
"9606.ENSP00000345494","9606.ENSP00000359787","pp",0.732
"9606.ENSP00000345494","9606.ENSP00000371471","pp",0.735
"9606.ENSP00000345494","9606.ENSP00000360876","pp",0.791
"9606.ENSP00000345502","9606.ENSP00000352608","pp",0.707
"9606.ENSP00000345502","9606.ENSP00000384484","pp",0.763
"9606.ENSP00000345502","9606.ENSP00000358363","pp",0.984
"9606.ENSP00000346206","9606.ENSP00000359504","pp",0.786
"9606.ENSP00000346206","9606.ENSP00000354394","pp",0.831
"9606.ENSP00000346206","9606.ENSP00000404833","pp",0.995
"9606.ENSP00000346206","9606.ENSP00000364032","pp",0.999
"9606.ENSP00000346508","9606.ENSP00000376865","pp",0.991
"9606.ENSP00000347046","9606.ENSP00000384484","pp",0.853
"9606.ENSP00000347232","9606.ENSP00000365588","pp",0.743
"9606.ENSP00000347232","9606.ENSP00000426191","pp",0.872
"9606.ENSP00000347232","9606.ENSP00000373952","pp",0.999
"9606.ENSP00000347345","9606.ENSP00000448387","pp",0.913
"9606.ENSP00000347345","9606.ENSP00000498469","pp",0.999
"9606.ENSP00000347495","9606.ENSP00000359488","pp",0.715
"9606.ENSP00000347495","9606.ENSP00000472847","pp",0.847
"9606.ENSP00000347495","9606.ENSP00000498867","pp",0.848
"9606.ENSP00000347714","9606.ENSP00000356946","pp",0.803
"9606.ENSP00000347714","9606.ENSP00000433642","pp",0.809
"9606.ENSP00000347714","9606.ENSP00000358165","pp",0.921
"9606.ENSP00000347717","9606.ENSP00000501111","pp",0.913
"9606.ENSP00000347717","9606.ENSP00000380837","pp",0.925
"9606.ENSP00000348170","9606.ENSP00000361405","pp",0.791
"9606.ENSP00000348170","9606.ENSP00000416066","pp",0.961
"9606.ENSP00000348510","9606.ENSP00000498469","pp",0.742
"9606.ENSP00000348510","9606.ENSP00000448387","pp",0.991
"9606.ENSP00000348924","9606.ENSP00000355780","pp",0.886
"9606.ENSP00000348924","9606.ENSP00000358154","pp",0.917
"9606.ENSP00000348924","9606.ENSP00000438553","pp",0.952
"9606.ENSP00000348924","9606.ENSP00000358155","pp",0.974
"9606.ENSP00000348924","9606.ENSP00000479461","pp",0.979
"9606.ENSP00000348924","9606.ENSP00000489236","pp",0.984
"9606.ENSP00000348924","9606.ENSP00000366999","pp",0.986
"9606.ENSP00000348924","9606.ENSP00000484789","pp",0.99
"9606.ENSP00000349576","9606.ENSP00000389948","pp",0.908
"9606.ENSP00000349967","9606.ENSP00000375086","pp",0.725
"9606.ENSP00000349967","9606.ENSP00000386559","pp",0.753
"9606.ENSP00000349967","9606.ENSP00000387211","pp",0.755
"9606.ENSP00000349967","9606.ENSP00000354932","pp",0.764
"9606.ENSP00000349967","9606.ENSP00000441600","pp",0.862
"9606.ENSP00000349967","9606.ENSP00000482259","pp",0.925
"9606.ENSP00000350359","9606.ENSP00000360266","pp",0.971
"9606.ENSP00000351132","9606.ENSP00000403888","pp",0.904
"9606.ENSP00000351446","9606.ENSP00000362166","pp",0.754
"9606.ENSP00000351446","9606.ENSP00000358155","pp",0.755
"9606.ENSP00000351446","9606.ENSP00000356848","pp",0.76
"9606.ENSP00000351446","9606.ENSP00000484789","pp",0.831
"9606.ENSP00000351446","9606.ENSP00000479461","pp",0.831
"9606.ENSP00000351446","9606.ENSP00000489236","pp",0.832
"9606.ENSP00000351446","9606.ENSP00000355780","pp",0.922
"9606.ENSP00000351446","9606.ENSP00000366999","pp",0.922
"9606.ENSP00000351446","9606.ENSP00000358154","pp",0.922
"9606.ENSP00000351446","9606.ENSP00000446252","pp",0.987
"9606.ENSP00000351492","9606.ENSP00000361918","pp",0.88
"9606.ENSP00000351947","9606.ENSP00000358155","pp",0.782
"9606.ENSP00000352208","9606.ENSP00000367263","pp",0.849
"9606.ENSP00000352608","9606.ENSP00000356545","pp",0.734
"9606.ENSP00000353104","9606.ENSP00000361625","pp",0.774
"9606.ENSP00000353452","9606.ENSP00000354826","pp",0.832
"9606.ENSP00000353512","9606.ENSP00000369299","pp",0.747
"9606.ENSP00000353512","9606.ENSP00000417214","pp",0.759
"9606.ENSP00000353512","9606.ENSP00000490935","pp",0.774
"9606.ENSP00000353512","9606.ENSP00000380697","pp",0.774
"9606.ENSP00000353512","9606.ENSP00000359504","pp",0.814
"9606.ENSP00000353512","9606.ENSP00000448696","pp",0.848
"9606.ENSP00000353512","9606.ENSP00000496832","pp",0.857
"9606.ENSP00000353512","9606.ENSP00000371471","pp",0.866
"9606.ENSP00000353512","9606.ENSP00000388001","pp",0.87
"9606.ENSP00000353512","9606.ENSP00000395590","pp",0.882
"9606.ENSP00000353512","9606.ENSP00000377344","pp",0.883
"9606.ENSP00000353512","9606.ENSP00000497271","pp",0.888
"9606.ENSP00000353512","9606.ENSP00000354822","pp",0.894
"9606.ENSP00000353512","9606.ENSP00000360876","pp",0.925
"9606.ENSP00000353512","9606.ENSP00000359783","pp",0.929
"9606.ENSP00000353512","9606.ENSP00000359787","pp",0.931
"9606.ENSP00000353512","9606.ENSP00000418194","pp",0.942
"9606.ENSP00000353512","9606.ENSP00000354394","pp",0.943
"9606.ENSP00000354227","9606.ENSP00000384115","pp",0.712
"9606.ENSP00000354394","9606.ENSP00000369373","pp",0.721
"9606.ENSP00000354394","9606.ENSP00000361405","pp",0.727
"9606.ENSP00000354394","9606.ENSP00000384371","pp",0.732
"9606.ENSP00000354394","9606.ENSP00000497102","pp",0.742
"9606.ENSP00000354394","9606.ENSP00000359512","pp",0.753
"9606.ENSP00000354394","9606.ENSP00000370989","pp",0.776
"9606.ENSP00000354394","9606.ENSP00000379111","pp",0.778
"9606.ENSP00000354394","9606.ENSP00000377344","pp",0.783
"9606.ENSP00000354394","9606.ENSP00000477713","pp",0.82
"9606.ENSP00000354394","9606.ENSP00000369299","pp",0.825
"9606.ENSP00000354394","9606.ENSP00000382707","pp",0.826
"9606.ENSP00000354394","9606.ENSP00000386559","pp",0.836
"9606.ENSP00000354394","9606.ENSP00000483430","pp",0.844
"9606.ENSP00000354394","9606.ENSP00000359490","pp",0.853
"9606.ENSP00000354394","9606.ENSP00000454623","pp",0.865
"9606.ENSP00000354394","9606.ENSP00000359787","pp",0.87
"9606.ENSP00000354394","9606.ENSP00000358165","pp",0.88
"9606.ENSP00000354394","9606.ENSP00000359497","pp",0.881
"9606.ENSP00000354394","9606.ENSP00000418194","pp",0.899
"9606.ENSP00000354394","9606.ENSP00000360266","pp",0.91
"9606.ENSP00000354394","9606.ENSP00000359783","pp",0.915
"9606.ENSP00000354394","9606.ENSP00000370698","pp",0.927
"9606.ENSP00000354394","9606.ENSP00000354822","pp",0.931
"9606.ENSP00000354394","9606.ENSP00000359488","pp",0.934
"9606.ENSP00000354394","9606.ENSP00000371471","pp",0.949
"9606.ENSP00000354394","9606.ENSP00000395590","pp",0.95
"9606.ENSP00000354394","9606.ENSP00000376765","pp",0.951
"9606.ENSP00000354394","9606.ENSP00000497271","pp",0.963
"9606.ENSP00000354394","9606.ENSP00000490935","pp",0.963
"9606.ENSP00000354394","9606.ENSP00000496577","pp",0.966
"9606.ENSP00000354394","9606.ENSP00000388001","pp",0.966
"9606.ENSP00000354394","9606.ENSP00000359504","pp",0.969
"9606.ENSP00000354394","9606.ENSP00000380697","pp",0.969
"9606.ENSP00000354394","9606.ENSP00000360876","pp",0.985
"9606.ENSP00000354394","9606.ENSP00000496832","pp",0.987
"9606.ENSP00000354822","9606.ENSP00000359504","pp",0.702
"9606.ENSP00000354822","9606.ENSP00000382707","pp",0.762
"9606.ENSP00000354822","9606.ENSP00000369299","pp",0.796
"9606.ENSP00000354822","9606.ENSP00000418194","pp",0.824
"9606.ENSP00000354822","9606.ENSP00000497271","pp",0.849
"9606.ENSP00000354822","9606.ENSP00000377344","pp",0.85
"9606.ENSP00000354822","9606.ENSP00000395590","pp",0.852
"9606.ENSP00000354822","9606.ENSP00000483430","pp",0.887
"9606.ENSP00000354822","9606.ENSP00000490935","pp",0.887
"9606.ENSP00000354822","9606.ENSP00000388001","pp",0.887
"9606.ENSP00000354822","9606.ENSP00000496832","pp",0.891
"9606.ENSP00000354822","9606.ENSP00000371471","pp",0.9
"9606.ENSP00000354822","9606.ENSP00000380697","pp",0.906
"9606.ENSP00000354822","9606.ENSP00000360876","pp",0.938
"9606.ENSP00000354822","9606.ENSP00000359783","pp",0.97
"9606.ENSP00000354822","9606.ENSP00000359787","pp",0.981
"9606.ENSP00000354932","9606.ENSP00000386559","pp",0.749
"9606.ENSP00000354932","9606.ENSP00000380697","pp",0.75
"9606.ENSP00000354932","9606.ENSP00000496355","pp",0.86
"9606.ENSP00000355014","9606.ENSP00000364847","pp",0.997
"9606.ENSP00000355094","9606.ENSP00000440100","pp",0.994
"9606.ENSP00000355185","9606.ENSP00000373952","pp",0.782
"9606.ENSP00000355330","9606.ENSP00000455215","pp",0.852
"9606.ENSP00000355780","9606.ENSP00000366999","pp",0.857
"9606.ENSP00000355780","9606.ENSP00000358154","pp",0.872
"9606.ENSP00000355780","9606.ENSP00000361918","pp",0.903
"9606.ENSP00000355780","9606.ENSP00000357442","pp",0.916
"9606.ENSP00000355780","9606.ENSP00000489236","pp",0.94
"9606.ENSP00000355780","9606.ENSP00000479461","pp",0.941
"9606.ENSP00000355780","9606.ENSP00000484789","pp",0.942
"9606.ENSP00000355899","9606.ENSP00000371858","pp",0.775
"9606.ENSP00000355899","9606.ENSP00000432119","pp",0.968
"9606.ENSP00000356016","9606.ENSP00000454623","pp",0.742
"9606.ENSP00000356016","9606.ENSP00000356946","pp",0.744
"9606.ENSP00000356016","9606.ENSP00000433642","pp",0.752
"9606.ENSP00000356016","9606.ENSP00000378131","pp",0.905
"9606.ENSP00000356231","9606.ENSP00000480364","pp",0.737
"9606.ENSP00000356231","9606.ENSP00000364119","pp",0.767
"9606.ENSP00000356545","9606.ENSP00000419101","pp",0.896
"9606.ENSP00000356694","9606.ENSP00000360266","pp",0.724
"9606.ENSP00000356694","9606.ENSP00000380855","pp",0.746
"9606.ENSP00000356694","9606.ENSP00000497102","pp",0.833
"9606.ENSP00000356694","9606.ENSP00000359663","pp",0.85
"9606.ENSP00000356694","9606.ENSP00000370989","pp",0.889
"9606.ENSP00000356694","9606.ENSP00000436423","pp",0.921
"9606.ENSP00000356694","9606.ENSP00000386559","pp",0.922
"9606.ENSP00000356694","9606.ENSP00000367013","pp",0.991
"9606.ENSP00000356936","9606.ENSP00000376544","pp",0.761
"9606.ENSP00000356946","9606.ENSP00000363773","pp",0.702
"9606.ENSP00000356946","9606.ENSP00000497102","pp",0.767
"9606.ENSP00000356946","9606.ENSP00000380855","pp",0.769
"9606.ENSP00000356946","9606.ENSP00000438038","pp",0.796
"9606.ENSP00000356946","9606.ENSP00000477713","pp",0.806
"9606.ENSP00000356946","9606.ENSP00000375629","pp",0.811
"9606.ENSP00000356946","9606.ENSP00000370989","pp",0.878
"9606.ENSP00000356946","9606.ENSP00000454623","pp",0.907
"9606.ENSP00000356946","9606.ENSP00000386559","pp",0.949
"9606.ENSP00000356946","9606.ENSP00000433642","pp",0.978
"9606.ENSP00000356946","9606.ENSP00000358165","pp",0.989
"9606.ENSP00000357012","9606.ENSP00000386559","pp",0.722
"9606.ENSP00000357012","9606.ENSP00000358294","pp",0.825
"9606.ENSP00000357012","9606.ENSP00000357036","pp",0.938
"9606.ENSP00000357036","9606.ENSP00000477713","pp",0.744
"9606.ENSP00000357036","9606.ENSP00000386559","pp",0.745
"9606.ENSP00000357036","9606.ENSP00000483713","pp",0.936
"9606.ENSP00000357036","9606.ENSP00000438406","pp",0.977
"9606.ENSP00000357112","9606.ENSP00000388566","pp",0.876
"9606.ENSP00000357112","9606.ENSP00000376849","pp",0.989
"9606.ENSP00000357112","9606.ENSP00000428657","pp",0.994
"9606.ENSP00000357112","9606.ENSP00000385428","pp",0.999
"9606.ENSP00000357442","9606.ENSP00000365682","pp",0.91
"9606.ENSP00000357442","9606.ENSP00000366999","pp",0.916
"9606.ENSP00000357442","9606.ENSP00000358154","pp",0.916
"9606.ENSP00000357556","9606.ENSP00000365682","pp",0.809
"9606.ENSP00000357726","9606.ENSP00000361405","pp",0.707
"9606.ENSP00000357726","9606.ENSP00000433642","pp",0.724
"9606.ENSP00000358154","9606.ENSP00000440100","pp",0.804
"9606.ENSP00000358154","9606.ENSP00000438553","pp",0.862
"9606.ENSP00000358154","9606.ENSP00000361918","pp",0.903
"9606.ENSP00000358154","9606.ENSP00000358262","pp",0.922
"9606.ENSP00000358154","9606.ENSP00000366999","pp",0.959
"9606.ENSP00000358154","9606.ENSP00000489236","pp",0.964
"9606.ENSP00000358154","9606.ENSP00000484789","pp",0.966
"9606.ENSP00000358154","9606.ENSP00000479461","pp",0.969
"9606.ENSP00000358154","9606.ENSP00000358155","pp",0.973
"9606.ENSP00000358155","9606.ENSP00000366999","pp",0.726
"9606.ENSP00000358155","9606.ENSP00000365588","pp",0.759
"9606.ENSP00000358155","9606.ENSP00000362166","pp",0.771
"9606.ENSP00000358155","9606.ENSP00000408617","pp",0.803
"9606.ENSP00000358155","9606.ENSP00000438553","pp",0.9
"9606.ENSP00000358155","9606.ENSP00000479461","pp",0.973
"9606.ENSP00000358155","9606.ENSP00000484789","pp",0.977
"9606.ENSP00000358155","9606.ENSP00000489236","pp",0.985
"9606.ENSP00000358165","9606.ENSP00000370989","pp",0.712
"9606.ENSP00000358165","9606.ENSP00000497102","pp",0.766
"9606.ENSP00000358165","9606.ENSP00000454623","pp",0.816
"9606.ENSP00000358165","9606.ENSP00000433642","pp",0.872
"9606.ENSP00000358262","9606.ENSP00000479461","pp",0.915
"9606.ENSP00000358262","9606.ENSP00000484789","pp",0.915
"9606.ENSP00000358262","9606.ENSP00000489236","pp",0.915
"9606.ENSP00000358294","9606.ENSP00000497102","pp",0.723
"9606.ENSP00000358294","9606.ENSP00000419085","pp",0.771
"9606.ENSP00000358294","9606.ENSP00000483713","pp",0.861
"9606.ENSP00000358294","9606.ENSP00000386559","pp",0.89
"9606.ENSP00000358327","9606.ENSP00000428657","pp",0.708
"9606.ENSP00000358554","9606.ENSP00000361918","pp",0.996
"9606.ENSP00000358554","9606.ENSP00000362803","pp",0.997
"9606.ENSP00000359181","9606.ENSP00000500891","pp",0.808
"9606.ENSP00000359488","9606.ENSP00000359490","pp",0.853
"9606.ENSP00000359488","9606.ENSP00000359504","pp",0.908
"9606.ENSP00000359488","9606.ENSP00000359497","pp",0.965
"9606.ENSP00000359490","9606.ENSP00000490935","pp",0.712
"9606.ENSP00000359490","9606.ENSP00000360876","pp",0.722
"9606.ENSP00000359490","9606.ENSP00000418194","pp",0.751
"9606.ENSP00000359490","9606.ENSP00000359497","pp",0.853
"9606.ENSP00000359490","9606.ENSP00000359504","pp",0.905
"9606.ENSP00000359497","9606.ENSP00000497271","pp",0.725
"9606.ENSP00000359497","9606.ENSP00000490935","pp",0.779
"9606.ENSP00000359497","9606.ENSP00000359512","pp",0.936
"9606.ENSP00000359497","9606.ENSP00000359504","pp",0.967
"9606.ENSP00000359504","9606.ENSP00000395590","pp",0.738
"9606.ENSP00000359504","9606.ENSP00000388001","pp",0.75
"9606.ENSP00000359504","9606.ENSP00000496832","pp",0.754
"9606.ENSP00000359504","9606.ENSP00000359787","pp",0.771
"9606.ENSP00000359504","9606.ENSP00000380697","pp",0.788
"9606.ENSP00000359504","9606.ENSP00000371471","pp",0.791
"9606.ENSP00000359504","9606.ENSP00000490935","pp",0.849
"9606.ENSP00000359504","9606.ENSP00000359783","pp",0.865
"9606.ENSP00000359504","9606.ENSP00000497271","pp",0.87
"9606.ENSP00000359504","9606.ENSP00000360876","pp",0.896
"9606.ENSP00000359504","9606.ENSP00000359512","pp",0.936
"9606.ENSP00000359663","9606.ENSP00000379111","pp",0.708
"9606.ENSP00000359663","9606.ENSP00000368450","pp",0.715
"9606.ENSP00000359663","9606.ENSP00000438406","pp",0.717
"9606.ENSP00000359663","9606.ENSP00000384371","pp",0.775
"9606.ENSP00000359663","9606.ENSP00000482259","pp",0.852
"9606.ENSP00000359663","9606.ENSP00000497102","pp",0.856
"9606.ENSP00000359663","9606.ENSP00000386559","pp",0.907
"9606.ENSP00000359783","9606.ENSP00000418194","pp",0.842
"9606.ENSP00000359783","9606.ENSP00000382707","pp",0.844
"9606.ENSP00000359783","9606.ENSP00000369299","pp",0.854
"9606.ENSP00000359783","9606.ENSP00000377344","pp",0.919
"9606.ENSP00000359783","9606.ENSP00000380697","pp",0.919
"9606.ENSP00000359783","9606.ENSP00000395590","pp",0.924
"9606.ENSP00000359783","9606.ENSP00000483430","pp",0.945
"9606.ENSP00000359783","9606.ENSP00000497271","pp",0.954
"9606.ENSP00000359783","9606.ENSP00000388001","pp",0.961
"9606.ENSP00000359783","9606.ENSP00000496832","pp",0.964
"9606.ENSP00000359783","9606.ENSP00000490935","pp",0.964
"9606.ENSP00000359783","9606.ENSP00000371471","pp",0.983
"9606.ENSP00000359783","9606.ENSP00000360876","pp",0.984
"9606.ENSP00000359783","9606.ENSP00000359787","pp",0.999
"9606.ENSP00000359787","9606.ENSP00000418194","pp",0.709
"9606.ENSP00000359787","9606.ENSP00000382707","pp",0.846
"9606.ENSP00000359787","9606.ENSP00000369299","pp",0.871
"9606.ENSP00000359787","9606.ENSP00000380697","pp",0.897
"9606.ENSP00000359787","9606.ENSP00000377344","pp",0.899
"9606.ENSP00000359787","9606.ENSP00000395590","pp",0.902
"9606.ENSP00000359787","9606.ENSP00000497271","pp",0.904
"9606.ENSP00000359787","9606.ENSP00000490935","pp",0.921
"9606.ENSP00000359787","9606.ENSP00000388001","pp",0.955
"9606.ENSP00000359787","9606.ENSP00000496832","pp",0.963
"9606.ENSP00000359787","9606.ENSP00000483430","pp",0.977
"9606.ENSP00000359787","9606.ENSP00000360876","pp",0.982
"9606.ENSP00000359787","9606.ENSP00000371471","pp",0.999
"9606.ENSP00000360215","9606.ENSP00000380697","pp",0.977
"9606.ENSP00000360266","9606.ENSP00000484824","pp",0.714
"9606.ENSP00000360266","9606.ENSP00000412302","pp",0.737
"9606.ENSP00000360266","9606.ENSP00000422435","pp",0.741
"9606.ENSP00000360266","9606.ENSP00000384371","pp",0.814
"9606.ENSP00000360266","9606.ENSP00000361405","pp",0.866
"9606.ENSP00000360266","9606.ENSP00000380697","pp",0.989
"9606.ENSP00000360268","9606.ENSP00000377617","pp",0.752
"9606.ENSP00000360268","9606.ENSP00000473159","pp",0.754
"9606.ENSP00000360268","9606.ENSP00000384484","pp",0.763
"9606.ENSP00000360268","9606.ENSP00000401264","pp",0.84
"9606.ENSP00000360268","9606.ENSP00000497744","pp",0.85
"9606.ENSP00000360876","9606.ENSP00000418194","pp",0.705
"9606.ENSP00000360876","9606.ENSP00000369299","pp",0.828
"9606.ENSP00000360876","9606.ENSP00000380697","pp",0.893
"9606.ENSP00000360876","9606.ENSP00000483430","pp",0.904
"9606.ENSP00000360876","9606.ENSP00000382707","pp",0.923
"9606.ENSP00000360876","9606.ENSP00000395590","pp",0.926
"9606.ENSP00000360876","9606.ENSP00000377344","pp",0.936
"9606.ENSP00000360876","9606.ENSP00000388001","pp",0.947
"9606.ENSP00000360876","9606.ENSP00000497271","pp",0.972
"9606.ENSP00000360876","9606.ENSP00000496832","pp",0.976
"9606.ENSP00000360876","9606.ENSP00000371471","pp",0.999
"9606.ENSP00000360876","9606.ENSP00000490935","pp",0.999
"9606.ENSP00000361107","9606.ENSP00000500891","pp",0.719
"9606.ENSP00000361232","9606.ENSP00000371858","pp",0.756
"9606.ENSP00000361232","9606.ENSP00000367029","pp",0.788
"9606.ENSP00000361232","9606.ENSP00000363642","pp",0.866
"9606.ENSP00000361232","9606.ENSP00000432119","pp",0.879
"9606.ENSP00000361405","9606.ENSP00000367202","pp",0.758
"9606.ENSP00000361405","9606.ENSP00000466090","pp",0.973
"9606.ENSP00000361918","9606.ENSP00000366999","pp",0.903
"9606.ENSP00000361918","9606.ENSP00000362803","pp",0.991
"9606.ENSP00000362727","9606.ENSP00000479816","pp",0.819
"9606.ENSP00000362744","9606.ENSP00000377958","pp",0.764
"9606.ENSP00000362744","9606.ENSP00000496832","pp",0.778
"9606.ENSP00000362744","9606.ENSP00000395590","pp",0.835
"9606.ENSP00000362744","9606.ENSP00000373404","pp",0.837
"9606.ENSP00000362744","9606.ENSP00000369162","pp",0.902
"9606.ENSP00000362744","9606.ENSP00000371169","pp",0.924
"9606.ENSP00000362744","9606.ENSP00000363642","pp",0.952
"9606.ENSP00000362744","9606.ENSP00000364119","pp",0.981
"9606.ENSP00000363506","9606.ENSP00000413908","pp",0.712
"9606.ENSP00000363642","9606.ENSP00000432119","pp",0.706
"9606.ENSP00000363642","9606.ENSP00000369162","pp",0.815
"9606.ENSP00000363642","9606.ENSP00000371858","pp",0.863
"9606.ENSP00000363642","9606.ENSP00000371169","pp",0.999
"9606.ENSP00000363770","9606.ENSP00000363773","pp",0.999
"9606.ENSP00000364032","9606.ENSP00000404833","pp",0.989
"9606.ENSP00000364858","9606.ENSP00000376849","pp",0.729
"9606.ENSP00000365588","9606.ENSP00000426191","pp",0.831
"9606.ENSP00000366306","9606.ENSP00000481675","pp",0.767
"9606.ENSP00000366347","9606.ENSP00000371785","pp",0.828
"9606.ENSP00000366604","9606.ENSP00000375863","pp",0.77
"9606.ENSP00000366604","9606.ENSP00000367263","pp",0.77
"9606.ENSP00000366604","9606.ENSP00000385751","pp",0.789
"9606.ENSP00000366999","9606.ENSP00000484789","pp",0.991
"9606.ENSP00000366999","9606.ENSP00000489236","pp",0.993
"9606.ENSP00000366999","9606.ENSP00000479461","pp",0.993
"9606.ENSP00000367029","9606.ENSP00000371858","pp",0.736
"9606.ENSP00000367030","9606.ENSP00000371858","pp",0.843
"9606.ENSP00000367263","9606.ENSP00000385751","pp",0.767
"9606.ENSP00000367755","9606.ENSP00000395929","pp",0.772
"9606.ENSP00000368165","9606.ENSP00000443900","pp",0.739
"9606.ENSP00000368358","9606.ENSP00000401018","pp",0.715
"9606.ENSP00000368450","9606.ENSP00000386559","pp",0.726
"9606.ENSP00000368450","9606.ENSP00000454623","pp",0.8
"9606.ENSP00000368452","9606.ENSP00000477796","pp",0.873
"9606.ENSP00000368452","9606.ENSP00000384484","pp",0.903
"9606.ENSP00000368452","9606.ENSP00000497744","pp",0.936
"9606.ENSP00000368452","9606.ENSP00000401264","pp",0.936
"9606.ENSP00000369162","9606.ENSP00000380044","pp",0.836
"9606.ENSP00000369299","9606.ENSP00000496832","pp",0.708
"9606.ENSP00000369299","9606.ENSP00000377344","pp",0.762
"9606.ENSP00000369373","9606.ENSP00000419425","pp",0.899
"9606.ENSP00000370695","9606.ENSP00000484855","pp",0.999
"9606.ENSP00000370698","9606.ENSP00000496577","pp",0.759
"9606.ENSP00000370989","9606.ENSP00000477713","pp",0.715
"9606.ENSP00000370989","9606.ENSP00000454623","pp",0.724
"9606.ENSP00000370989","9606.ENSP00000433642","pp",0.879
"9606.ENSP00000370989","9606.ENSP00000438038","pp",0.888
"9606.ENSP00000370989","9606.ENSP00000386559","pp",0.939
"9606.ENSP00000370989","9606.ENSP00000419085","pp",0.973
"9606.ENSP00000370989","9606.ENSP00000380855","pp",0.996
"9606.ENSP00000370989","9606.ENSP00000497102","pp",0.999
"9606.ENSP00000371471","9606.ENSP00000382707","pp",0.744
"9606.ENSP00000371471","9606.ENSP00000418194","pp",0.751
"9606.ENSP00000371471","9606.ENSP00000395590","pp",0.845
"9606.ENSP00000371471","9606.ENSP00000377344","pp",0.911
"9606.ENSP00000371471","9606.ENSP00000380697","pp",0.915
"9606.ENSP00000371471","9606.ENSP00000497271","pp",0.954
"9606.ENSP00000371471","9606.ENSP00000483430","pp",0.958
"9606.ENSP00000371471","9606.ENSP00000490935","pp",0.962
"9606.ENSP00000371471","9606.ENSP00000388001","pp",0.967
"9606.ENSP00000371471","9606.ENSP00000496832","pp",0.978
"9606.ENSP00000371594","9606.ENSP00000477437","pp",0.701
"9606.ENSP00000371594","9606.ENSP00000384484","pp",0.902
"9606.ENSP00000371858","9606.ENSP00000385410","pp",0.871
"9606.ENSP00000371858","9606.ENSP00000432119","pp",0.982
"9606.ENSP00000373404","9606.ENSP00000395590","pp",0.797
"9606.ENSP00000375066","9606.ENSP00000473159","pp",0.727
"9606.ENSP00000375066","9606.ENSP00000436714","pp",0.999
"9606.ENSP00000375086","9606.ENSP00000386559","pp",0.718
"9606.ENSP00000375086","9606.ENSP00000482259","pp",0.751
"9606.ENSP00000375086","9606.ENSP00000441600","pp",0.866
"9606.ENSP00000375629","9606.ENSP00000436423","pp",0.703
"9606.ENSP00000375629","9606.ENSP00000386559","pp",0.718
"9606.ENSP00000375986","9606.ENSP00000498702","pp",0.761
"9606.ENSP00000376544","9606.ENSP00000384371","pp",0.728
"9606.ENSP00000376544","9606.ENSP00000376786","pp",0.812
"9606.ENSP00000376849","9606.ENSP00000428657","pp",0.899
"9606.ENSP00000376849","9606.ENSP00000385428","pp",0.977
"9606.ENSP00000376849","9606.ENSP00000388566","pp",0.988
"9606.ENSP00000377344","9606.ENSP00000380697","pp",0.745
"9606.ENSP00000377344","9606.ENSP00000395590","pp",0.776
"9606.ENSP00000377344","9606.ENSP00000490935","pp",0.899
"9606.ENSP00000377344","9606.ENSP00000388001","pp",0.933
"9606.ENSP00000377344","9606.ENSP00000496832","pp",0.939
"9606.ENSP00000377344","9606.ENSP00000497271","pp",0.987
"9606.ENSP00000377703","9606.ENSP00000430344","pp",0.702
"9606.ENSP00000377936","9606.ENSP00000419101","pp",0.703
"9606.ENSP00000377936","9606.ENSP00000417963","pp",0.811
"9606.ENSP00000377936","9606.ENSP00000429744","pp",0.901
"9606.ENSP00000378485","9606.ENSP00000438406","pp",0.884
"9606.ENSP00000378578","9606.ENSP00000386834","pp",0.769
"9606.ENSP00000378578","9606.ENSP00000379267","pp",0.903
"9606.ENSP00000379111","9606.ENSP00000386559","pp",0.718
"9606.ENSP00000379111","9606.ENSP00000496577","pp",0.742
"9606.ENSP00000379111","9606.ENSP00000412209","pp",0.763
"9606.ENSP00000379267","9606.ENSP00000417548","pp",0.948
"9606.ENSP00000380157","9606.ENSP00000417901","pp",0.998
"9606.ENSP00000380697","9606.ENSP00000382707","pp",0.715
"9606.ENSP00000380697","9606.ENSP00000386559","pp",0.723
"9606.ENSP00000380697","9606.ENSP00000496577","pp",0.731
"9606.ENSP00000380697","9606.ENSP00000483430","pp",0.821
"9606.ENSP00000380697","9606.ENSP00000490935","pp",0.837
"9606.ENSP00000380697","9606.ENSP00000395590","pp",0.913
"9606.ENSP00000380697","9606.ENSP00000388001","pp",0.959
"9606.ENSP00000380697","9606.ENSP00000496832","pp",0.973
"9606.ENSP00000380697","9606.ENSP00000497271","pp",0.974
"9606.ENSP00000380855","9606.ENSP00000433642","pp",0.759
"9606.ENSP00000380855","9606.ENSP00000419085","pp",0.859
"9606.ENSP00000380855","9606.ENSP00000386559","pp",0.91
"9606.ENSP00000380855","9606.ENSP00000497102","pp",0.998
"9606.ENSP00000382707","9606.ENSP00000497271","pp",0.757
"9606.ENSP00000382707","9606.ENSP00000388001","pp",0.812
"9606.ENSP00000382707","9606.ENSP00000490935","pp",0.828
"9606.ENSP00000382707","9606.ENSP00000483430","pp",0.829
"9606.ENSP00000382707","9606.ENSP00000395590","pp",0.847
"9606.ENSP00000382707","9606.ENSP00000496832","pp",0.911
"9606.ENSP00000382895","9606.ENSP00000480364","pp",0.749
"9606.ENSP00000382895","9606.ENSP00000448012","pp",0.951
"9606.ENSP00000383986","9606.ENSP00000426191","pp",0.834
"9606.ENSP00000384371","9606.ENSP00000386559","pp",0.702
"9606.ENSP00000384371","9606.ENSP00000408617","pp",0.888
"9606.ENSP00000384484","9606.ENSP00000477796","pp",0.8
"9606.ENSP00000385428","9606.ENSP00000496355","pp",0.758
"9606.ENSP00000385428","9606.ENSP00000388566","pp",0.939
"9606.ENSP00000385428","9606.ENSP00000428657","pp",0.999
"9606.ENSP00000386559","9606.ENSP00000481841","pp",0.708
"9606.ENSP00000386559","9606.ENSP00000438406","pp",0.721
"9606.ENSP00000386559","9606.ENSP00000496577","pp",0.742
"9606.ENSP00000386559","9606.ENSP00000441600","pp",0.763
"9606.ENSP00000386559","9606.ENSP00000438038","pp",0.774
"9606.ENSP00000386559","9606.ENSP00000419085","pp",0.861
"9606.ENSP00000386559","9606.ENSP00000482259","pp",0.889
"9606.ENSP00000386559","9606.ENSP00000436423","pp",0.89
"9606.ENSP00000386559","9606.ENSP00000454623","pp",0.938
"9606.ENSP00000386559","9606.ENSP00000497102","pp",0.94
"9606.ENSP00000386559","9606.ENSP00000433642","pp",0.946
"9606.ENSP00000386559","9606.ENSP00000477713","pp",0.999
"9606.ENSP00000387091","9606.ENSP00000497070","pp",0.75
"9606.ENSP00000387091","9606.ENSP00000403888","pp",0.918
"9606.ENSP00000388001","9606.ENSP00000395590","pp",0.916
"9606.ENSP00000388001","9606.ENSP00000483430","pp",0.937
"9606.ENSP00000388001","9606.ENSP00000497271","pp",0.939
"9606.ENSP00000388001","9606.ENSP00000490935","pp",0.943
"9606.ENSP00000388001","9606.ENSP00000496832","pp",0.983
"9606.ENSP00000388566","9606.ENSP00000428657","pp",0.776
"9606.ENSP00000395590","9606.ENSP00000418194","pp",0.725
"9606.ENSP00000395590","9606.ENSP00000483430","pp",0.781
"9606.ENSP00000395590","9606.ENSP00000497271","pp",0.843
"9606.ENSP00000395590","9606.ENSP00000490935","pp",0.849
"9606.ENSP00000395590","9606.ENSP00000496832","pp",0.954
"9606.ENSP00000401264","9606.ENSP00000497569","pp",0.734
"9606.ENSP00000401264","9606.ENSP00000497744","pp",0.983
"9606.ENSP00000401831","9606.ENSP00000446252","pp",0.791
"9606.ENSP00000403888","9606.ENSP00000497070","pp",0.81
"9606.ENSP00000410964","9606.ENSP00000445725","pp",0.931
"9606.ENSP00000410964","9606.ENSP00000479488","pp",0.986
"9606.ENSP00000410992","9606.ENSP00000466134","pp",0.735
"9606.ENSP00000412209","9606.ENSP00000441600","pp",0.806
"9606.ENSP00000413908","9606.ENSP00000444433","pp",0.705
"9606.ENSP00000416066","9606.ENSP00000466090","pp",0.999
"9606.ENSP00000417214","9606.ENSP00000497271","pp",0.713
"9606.ENSP00000418194","9606.ENSP00000464087","pp",0.706
"9606.ENSP00000418194","9606.ENSP00000490935","pp",0.74
"9606.ENSP00000418194","9606.ENSP00000496832","pp",0.782
"9606.ENSP00000418194","9606.ENSP00000497271","pp",0.879
"9606.ENSP00000418823","9606.ENSP00000454545","pp",0.788
"9606.ENSP00000419085","9606.ENSP00000438038","pp",0.826
"9606.ENSP00000419085","9606.ENSP00000497102","pp",0.922
"9606.ENSP00000420213","9606.ENSP00000452786","pp",0.911
"9606.ENSP00000420213","9606.ENSP00000496832","pp",0.941
"9606.ENSP00000428787","9606.ENSP00000454303","pp",0.72
"9606.ENSP00000430690","9606.ENSP00000481056","pp",0.938
"9606.ENSP00000433642","9606.ENSP00000477713","pp",0.753
"9606.ENSP00000433642","9606.ENSP00000438038","pp",0.786
"9606.ENSP00000433642","9606.ENSP00000454623","pp",0.901
"9606.ENSP00000436423","9606.ENSP00000483713","pp",0.744
"9606.ENSP00000438038","9606.ENSP00000497102","pp",0.728
"9606.ENSP00000438406","9606.ENSP00000477713","pp",0.837
"9606.ENSP00000438553","9606.ENSP00000479461","pp",0.925
"9606.ENSP00000438553","9606.ENSP00000484789","pp",0.931
"9606.ENSP00000438553","9606.ENSP00000489236","pp",0.931
"9606.ENSP00000440100","9606.ENSP00000484789","pp",0.801
"9606.ENSP00000440100","9606.ENSP00000489236","pp",0.801
"9606.ENSP00000440100","9606.ENSP00000479461","pp",0.801
"9606.ENSP00000441600","9606.ENSP00000483330","pp",0.762
"9606.ENSP00000441600","9606.ENSP00000482259","pp",0.998
"9606.ENSP00000448012","9606.ENSP00000483364","pp",0.909
"9606.ENSP00000448387","9606.ENSP00000498469","pp",0.79
"9606.ENSP00000450310","9606.ENSP00000473159","pp",0.88
"9606.ENSP00000452786","9606.ENSP00000454623","pp",0.848
"9606.ENSP00000454623","9606.ENSP00000497102","pp",0.832
"9606.ENSP00000458537","9606.ENSP00000501111","pp",0.929
"9606.ENSP00000472847","9606.ENSP00000498867","pp",0.921
"9606.ENSP00000473238","9606.ENSP00000481841","pp",0.7
"9606.ENSP00000477713","9606.ENSP00000493623","pp",0.81
"9606.ENSP00000477713","9606.ENSP00000497102","pp",0.911
"9606.ENSP00000479461","9606.ENSP00000489236","pp",0.963
"9606.ENSP00000479461","9606.ENSP00000484789","pp",0.976
"9606.ENSP00000482259","9606.ENSP00000483330","pp",0.956
"9606.ENSP00000483430","9606.ENSP00000490935","pp",0.774
"9606.ENSP00000483430","9606.ENSP00000497271","pp",0.785
"9606.ENSP00000483430","9606.ENSP00000496832","pp",0.97
"9606.ENSP00000484789","9606.ENSP00000489236","pp",0.988
"9606.ENSP00000490935","9606.ENSP00000496832","pp",0.975
"9606.ENSP00000490935","9606.ENSP00000497271","pp",0.976
"9606.ENSP00000496832","9606.ENSP00000497271","pp",0.994
"9606.ENSP00000497569","9606.ENSP00000497744","pp",0.729
"9606.ENSP00000497569","9606.ENSP00000498867","pp",0.876
