"vertex_id","Louvain_Module","Walktrap_Module","GeneSymbol"
"9606.ENSP00000075120",1,91,"SLC2A3"
"9606.ENSP00000445929",1,91,"SLC2A14"
"9606.ENSP00000168216",2,63,"HSD17B10"
"9606.ENSP00000266987",2,63,"TARBP2"
"9606.ENSP00000178640",3,13,"MAP2K5"
"9606.ENSP00000311005",3,13,"MAPK7"
"9606.ENSP00000196371",4,48,"OXCT1"
"9606.ENSP00000324842",4,48,"AACS"
"9606.ENSP00000200676",5,62,"CETP"
"9606.ENSP00000363868",5,62,"ABCA1"
"9606.ENSP00000317674",5,62,"APOL1"
"9606.ENSP00000203629",6,4,"LAG3"
"9606.ENSP00000231009",6,4,"GZMK"
"9606.ENSP00000228434",6,4,"CD69"
"9606.ENSP00000357012",6,4,"CD244"
"9606.ENSP00000482259",6,4,"CCL4"
"9606.ENSP00000356694",6,4,"FASLG"
"9606.ENSP00000436423",6,4,"GNLY"
"9606.ENSP00000324890",6,4,"CD28"
"9606.ENSP00000358294",6,4,"CD160"
"9606.ENSP00000380855",6,4,"PDCD1LG2"
"9606.ENSP00000229135",6,4,"IFNG"
"9606.ENSP00000333919",6,4,"BTLA"
"9606.ENSP00000386559",6,4,"CD8A"
"9606.ENSP00000419085",6,4,"TIGIT"
"9606.ENSP00000497102",6,4,"CTLA4"
"9606.ENSP00000370989",6,4,"CD274"
"9606.ENSP00000206513",3,2,"CEBPE"
"9606.ENSP00000466090",3,2,"ELANE"
"9606.ENSP00000211998",7,12,"VCL"
"9606.ENSP00000279022",7,12,"MYL9"
"9606.ENSP00000354826",7,12,"CALD1"
"9606.ENSP00000378400",7,12,"LIMA1"
"9606.ENSP00000353452",7,12,"MYLK"
"9606.ENSP00000267984",7,12,"TLNRD1"
"9606.ENSP00000452786",7,4,"ITGB3"
"9606.ENSP00000269141",3,4,"CDH2"
"9606.ENSP00000378332",7,4,"TGFB1I1"
"9606.ENSP00000337598",7,12,"LIMS1"
"9606.ENSP00000420213",7,4,"FLNB"
"9606.ENSP00000240123",7,12,"SORBS3"
"9606.ENSP00000215781",6,4,"OSM"
"9606.ENSP00000361548",6,4,"MPL"
"9606.ENSP00000261799",3,4,"PDGFRB"
"9606.ENSP00000379111",6,4,"IL4R"
"9606.ENSP00000330393",6,4,"LEPR"
"9606.ENSP00000370698",6,4,"IL6ST"
"9606.ENSP00000215838",8,88,"TCN2"
"9606.ENSP00000301458",8,88,"CD320"
"9606.ENSP00000218176",9,87,"KCND1"
"9606.ENSP00000384719",9,87,"VSNL1"
"9606.ENSP00000219782",3,4,"MAZ"
"9606.ENSP00000360266",3,4,"JUN"
"9606.ENSP00000220913",10,26,"CHRAC1"
"9606.ENSP00000368358",10,26,"POLA1"
"9606.ENSP00000221233",4,5,"EXOSC5"
"9606.ENSP00000229214",4,5,"KRR1"
"9606.ENSP00000328854",4,5,"NOC4L"
"9606.ENSP00000264951",4,5,"XRN1"
"9606.ENSP00000230340",4,5,"BYSL"
"9606.ENSP00000363642",4,5,"BMS1"
"9606.ENSP00000371169",4,5,"RCL1"
"9606.ENSP00000221804",6,4,"CLC"
"9606.ENSP00000441600",6,4,"CCR3"
"9606.ENSP00000221972",6,4,"CD79A"
"9606.ENSP00000451506",6,4,"TCL1A"
"9606.ENSP00000264972",6,4,"ZAP70"
"9606.ENSP00000322898",6,4,"EBF1"
"9606.ENSP00000259633",6,4,"CD72"
"9606.ENSP00000356936",6,4,"FCRLA"
"9606.ENSP00000342681",6,4,"CD5"
"9606.ENSP00000384371",6,4,"BCL6"
"9606.ENSP00000376786",6,4,"POU2AF1"
"9606.ENSP00000248948",6,4,"VPREB3"
"9606.ENSP00000259089",6,4,"BLK"
"9606.ENSP00000313419",6,4,"CD19"
"9606.ENSP00000376544",6,4,"CD79B"
"9606.ENSP00000222567",4,5,"TWISTNB"
"9606.ENSP00000371858",4,5,"NOP2"
"9606.ENSP00000385410",4,5,"NOLC1"
"9606.ENSP00000261015",4,5,"WDR12"
"9606.ENSP00000322396",4,5,"RRS1"
"9606.ENSP00000228347",4,5,"POLR3B"
"9606.ENSP00000367029",4,5,"POLR1E"
"9606.ENSP00000222693",7,21,"CAV2"
"9606.ENSP00000356545",7,21,"CACNA1E"
"9606.ENSP00000223642",3,32,"C5"
"9606.ENSP00000299367",3,32,"C2"
"9606.ENSP00000224784",7,12,"ACTA2"
"9606.ENSP00000226004",3,4,"DUSP3"
"9606.ENSP00000229795",3,4,"MAPK14"
"9606.ENSP00000226299",11,34,"LAP3"
"9606.ENSP00000354394",11,1,"STAT1"
"9606.ENSP00000359539",11,34,"GOT1"
"9606.ENSP00000226796",4,5,"GAR1"
"9606.ENSP00000491215",4,5,"HNRNPU"
"9606.ENSP00000318297",10,16,"RUVBL1"
"9606.ENSP00000313953",4,5,"TTC27"
"9606.ENSP00000306902",4,5,"MRPL4"
"9606.ENSP00000373404",4,5,"MRPL2"
"9606.ENSP00000258955",4,5,"RSAD1"
"9606.ENSP00000333837",4,5,"MRPL12"
"9606.ENSP00000448387",4,67,"BRF1"
"9606.ENSP00000498469",4,67,"POLR3G"
"9606.ENSP00000347345",4,67,"POLR3H"
"9606.ENSP00000292174",6,4,"CXCR5"
"9606.ENSP00000365596",6,4,"GPR183"
"9606.ENSP00000296545",6,4,"IL15"
"9606.ENSP00000349967",6,4,"CCRL2"
"9606.ENSP00000343952",6,4,"CCR6"
"9606.ENSP00000477713",6,4,"LCK"
"9606.ENSP00000454623",6,4,"ITGAX"
"9606.ENSP00000433642",6,4,"FCGR3B"
"9606.ENSP00000356946",6,4,"FCGR3A"
"9606.ENSP00000359663",6,4,"CD40LG"
"9606.ENSP00000228928",11,1,"OAS3"
"9606.ENSP00000256722",11,1,"CMPK2"
"9606.ENSP00000382707",11,1,"IFITM3"
"9606.ENSP00000259030",11,1,"RTP4"
"9606.ENSP00000326247",11,1,"SAMD9L"
"9606.ENSP00000359504",11,1,"GBP1"
"9606.ENSP00000318982",11,1,"EPSTI1"
"9606.ENSP00000353512",11,1,"PARP9"
"9606.ENSP00000354822",11,1,"XAF1"
"9606.ENSP00000483430",11,1,"IFI27"
"9606.ENSP00000377344",11,1,"DDX60"
"9606.ENSP00000395590",11,1,"IFI35"
"9606.ENSP00000380697",11,1,"IRF7"
"9606.ENSP00000497271",11,1,"IFIH1"
"9606.ENSP00000359787",11,1,"IFI44L"
"9606.ENSP00000490935",11,1,"IFIT2"
"9606.ENSP00000359783",11,1,"IFI44"
"9606.ENSP00000496832",11,1,"ISG15"
"9606.ENSP00000371471",11,1,"RSAD2"
"9606.ENSP00000360876",11,1,"IFIT3"
"9606.ENSP00000342513",11,1,"IFI6"
"9606.ENSP00000388001",11,1,"OAS1"
"9606.ENSP00000342278",11,1,"OAS2"
"9606.ENSP00000354932",6,4,"TLR1"
"9606.ENSP00000358165",6,4,"FCGR1A"
"9606.ENSP00000484824",3,4,"MUC1"
"9606.ENSP00000359497",11,1,"GBP2"
"9606.ENSP00000261652",6,4,"TNFRSF13B"
"9606.ENSP00000368450",6,4,"CD83"
"9606.ENSP00000271450",6,4,"FCGR2A"
"9606.ENSP00000359488",11,1,"GBP5"
"9606.ENSP00000361405",3,2,"MMP9"
"9606.ENSP00000412209",6,4,"IL5RA"
"9606.ENSP00000496355",6,4,"TLR5"
"9606.ENSP00000438406",6,4,"SLAMF1"
"9606.ENSP00000265171",3,4,"EGF"
"9606.ENSP00000438038",6,4,"KLRC1"
"9606.ENSP00000342156",6,4,"NCR3"
"9606.ENSP00000292301",6,4,"CCR2"
"9606.ENSP00000330341",6,4,"SOCS3"
"9606.ENSP00000327824",6,4,"IFNLR1"
"9606.ENSP00000245414",11,1,"IRF1"
"9606.ENSP00000496577",6,4,"SOCS1"
"9606.ENSP00000260010",6,4,"TLR2"
"9606.ENSP00000253107",4,5,"PPAN"
"9606.ENSP00000314348",4,5,"DDX10"
"9606.ENSP00000432119",4,5,"WDR74"
"9606.ENSP00000339145",4,5,"RRP1B"
"9606.ENSP00000355899",4,5,"RRP15"
"9606.ENSP00000362744",4,5,"RPS4X"
"9606.ENSP00000232564",12,7,"GNB4"
"9606.ENSP00000245919",3,4,"FOSB"
"9606.ENSP00000248553",7,4,"HSPB1"
"9606.ENSP00000245960",3,44,"CDC25B"
"9606.ENSP00000361232",4,5,"DDX31"
"9606.ENSP00000303515",4,5,"DUS1L"
"9606.ENSP00000323858",4,5,"DDX54"
"9606.ENSP00000396441",4,5,"GPATCH4"
"9606.ENSP00000380044",4,5,"CSNK1E"
"9606.ENSP00000369162",4,5,"RIOK1"
"9606.ENSP00000331172",6,4,"CD8B"
"9606.ENSP00000231668",13,89,"BNIP1"
"9606.ENSP00000263897",13,89,"USE1"
"9606.ENSP00000232424",14,18,"HES1"
"9606.ENSP00000287647",14,8,"FANCD2"
"9606.ENSP00000365682",10,18,"TLE1"
"9606.ENSP00000373952",14,8,"FANCA"
"9606.ENSP00000294016",12,7,"ADCY9"
"9606.ENSP00000477437",12,7,"KCNJ6"
"9606.ENSP00000340688",12,7,"ADGRL1"
"9606.ENSP00000371594",12,7,"GNG7"
"9606.ENSP00000233156",7,2,"TFPI"
"9606.ENSP00000334145",7,2,"F3"
"9606.ENSP00000236826",3,2,"MMP8"
"9606.ENSP00000296435",3,2,"CAMP"
"9606.ENSP00000237596",15,11,"PKD2"
"9606.ENSP00000478962",15,11,"CBY1"
"9606.ENSP00000484855",15,47,"EXOC5"
"9606.ENSP00000466134",15,11,"PRKCSH"
"9606.ENSP00000262304",15,11,"PKD1"
"9606.ENSP00000477796",12,7,"GCH1"
"9606.ENSP00000243167",12,43,"FAAH"
"9606.ENSP00000360268",12,43,"ALDH18A1"
"9606.ENSP00000497569",12,43,"DARS2"
"9606.ENSP00000243457",12,54,"KCNJ2"
"9606.ENSP00000381911",12,54,"KCNJ15"
"9606.ENSP00000244007",3,4,"PLCG1"
"9606.ENSP00000430344",3,23,"PLCD1"
"9606.ENSP00000465039",3,4,"MAP4K1"
"9606.ENSP00000338171",3,4,"SKAP1"
"9606.ENSP00000493623",3,4,"FYB1"
"9606.ENSP00000264316",3,4,"TXK"
"9606.ENSP00000377703",3,23,"DGKA"
"9606.ENSP00000269571",3,4,"ERBB2"
"9606.ENSP00000424846",3,4,"SH3BP2"
"9606.ENSP00000301887",3,50,"BATF2"
"9606.ENSP00000359490",11,1,"GBP4"
"9606.ENSP00000357000",16,3,"USF1"
"9606.ENSP00000358092",11,1,"PRDM1"
"9606.ENSP00000346206",11,25,"TAP1"
"9606.ENSP00000350359",3,4,"CREB5"
"9606.ENSP00000344352",3,4,"ATF3"
"9606.ENSP00000310649",3,44,"BRSK1"
"9606.ENSP00000247668",3,27,"TRAF2"
"9606.ENSP00000354911",3,27,"TIFA"
"9606.ENSP00000354952",3,27,"GAB2"
"9606.ENSP00000261464",3,27,"TRAF5"
"9606.ENSP00000310219",7,4,"HSPA6"
"9606.ENSP00000307786",17,4,"CYCS"
"9606.ENSP00000248846",3,64,"TUBGCP6"
"9606.ENSP00000343818",3,64,"CDK5RAP2"
"9606.ENSP00000311500",3,64,"MZT2A"
"9606.ENSP00000252506",18,6,"GADD45G"
"9606.ENSP00000393762",18,6,"SESN1"
"9606.ENSP00000375986",18,6,"MAP3K4"
"9606.ENSP00000252729",7,21,"CACNG6"
"9606.ENSP00000352608",7,21,"RYR1"
"9606.ENSP00000419101",7,21,"CACNA2D3"
"9606.ENSP00000252999",7,4,"LAMA5"
"9606.ENSP00000262407",7,4,"ITGA2B"
"9606.ENSP00000254667",10,16,"PTPRE"
"9606.ENSP00000351446",10,16,"WDR5"
"9606.ENSP00000255416",6,4,"MYBPH"
"9606.ENSP00000389948",17,1,"NT5C3B"
"9606.ENSP00000257770",17,1,"NT5E"
"9606.ENSP00000349576",17,1,"DCTD"
"9606.ENSP00000257245",17,14,"TIMM10"
"9606.ENSP00000413908",17,14,"BCS1L"
"9606.ENSP00000257749",11,1,"BACH2"
"9606.ENSP00000347046",12,7,"PDE5A"
"9606.ENSP00000258729",19,55,"IGF2BP3"
"9606.ENSP00000344401",19,52,"LIN28B"
"9606.ENSP00000454545",19,55,"RBM15B"
"9606.ENSP00000418823",19,55,"FTO"
"9606.ENSP00000258774",14,8,"HUS1"
"9606.ENSP00000336701",14,8,"RAD51C"
"9606.ENSP00000347232",14,8,"BLM"
"9606.ENSP00000365588",14,8,"MDC1"
"9606.ENSP00000265433",14,8,"NBN"
"9606.ENSP00000298139",14,8,"WRN"
"9606.ENSP00000500891",14,8,"MUTYH"
"9606.ENSP00000426191",14,8,"RAD17"
"9606.ENSP00000364119",4,5,"EIF2S2"
"9606.ENSP00000464087",11,1,"RNF213"
"9606.ENSP00000320509",6,4,"BANK1"
"9606.ENSP00000259989",6,4,"FGFBP2"
"9606.ENSP00000385428",17,20,"NLRC4"
"9606.ENSP00000375629",6,4,"LILRB2"
"9606.ENSP00000263071",6,4,"SCARF1"
"9606.ENSP00000318916",6,4,"MARCO"
"9606.ENSP00000333934",4,5,"TRMT11"
"9606.ENSP00000261340",6,4,"CLEC2D"
"9606.ENSP00000261366",10,16,"LMNB1"
"9606.ENSP00000333277",10,16,"H3C13"
"9606.ENSP00000358363",3,4,"PDE4DIP"
"9606.ENSP00000311127",3,7,"VEGFB"
"9606.ENSP00000346508",3,4,"PDGFA"
"9606.ENSP00000376865",3,4,"PDGFD"
"9606.ENSP00000262158",14,8,"SMAD7"
"9606.ENSP00000361107",14,8,"BMPR1A"
"9606.ENSP00000262188",16,3,"SMARCD3"
"9606.ENSP00000402855",7,40,"TREML1"
"9606.ENSP00000263686",7,4,"SELP"
"9606.ENSP00000262430",16,3,"MLYCD"
"9606.ENSP00000304592",16,3,"FASN"
"9606.ENSP00000341044",16,3,"ACACB"
"9606.ENSP00000263285",6,4,"LY9"
"9606.ENSP00000357036",6,4,"SLAMF6"
"9606.ENSP00000481841",6,4,"CD24"
"9606.ENSP00000263734",3,4,"EPAS1"
"9606.ENSP00000264072",6,4,"FCER2"
"9606.ENSP00000264260",6,31,"IL18RAP"
"9606.ENSP00000387211",6,31,"IL18R1"
"9606.ENSP00000264709",10,16,"DNMT3A"
"9606.ENSP00000332194",10,16,"H2AC20"
"9606.ENSP00000358155",10,16,"H2AC18"
"9606.ENSP00000366347",10,24,"NKX2-2"
"9606.ENSP00000358154",10,16,"H3C14"
"9606.ENSP00000366999",10,16,"H3C4"
"9606.ENSP00000315931",10,16,"AHCYL2"
"9606.ENSP00000367030",4,16,"TRDMT1"
"9606.ENSP00000355780",10,16,"H3-3A"
"9606.ENSP00000296577",4,5,"ABCE1"
"9606.ENSP00000402515",4,5,"SMG1"
"9606.ENSP00000357169",6,4,"FCRL3"
"9606.ENSP00000317327",6,4,"UBASH3A"
"9606.ENSP00000265056",10,16,"MCM2"
"9606.ENSP00000307143",10,26,"DONSON"
"9606.ENSP00000489236",10,16,"H4C8"
"9606.ENSP00000479461",10,16,"H4C4"
"9606.ENSP00000484789",10,16,"H4C5"
"9606.ENSP00000441953",10,16,"ORC4"
"9606.ENSP00000401018",10,26,"GINS3"
"9606.ENSP00000265071",3,4,"CDH6"
"9606.ENSP00000366306",3,37,"SPRY2"
"9606.ENSP00000273261",3,30,"LRIG1"
"9606.ENSP00000320543",3,38,"EPN2"
"9606.ENSP00000265295",6,4,"SPDL1"
"9606.ENSP00000265404",20,85,"STAP1"
"9606.ENSP00000350224",20,85,"BMX"
"9606.ENSP00000321347",2,63,"STRBP"
"9606.ENSP00000268058",11,4,"PML"
"9606.ENSP00000369299",11,1,"TRIM22"
"9606.ENSP00000378485",3,4,"MATK"
"9606.ENSP00000356016",6,4,"CR1"
"9606.ENSP00000347714",6,4,"FCAR"
"9606.ENSP00000272928",6,29,"ACKR3"
"9606.ENSP00000436607",6,29,"ADM"
"9606.ENSP00000450527",3,30,"HOPX"
"9606.ENSP00000277010",16,10,"SIGMAR1"
"9606.ENSP00000332407",16,10,"SDR42E1"
"9606.ENSP00000279263",16,10,"TM7SF2"
"9606.ENSP00000347717",16,10,"DHCR7"
"9606.ENSP00000278060",21,61,"PAOX"
"9606.ENSP00000300079",21,61,"GLYATL1"
"9606.ENSP00000278407",3,32,"SERPING1"
"9606.ENSP00000363770",3,32,"C1QC"
"9606.ENSP00000363773",3,32,"C1QA"
"9606.ENSP00000313967",3,32,"C1QB"
"9606.ENSP00000380837",16,10,"LSS"
"9606.ENSP00000280258",22,84,"PRSS23"
"9606.ENSP00000468308",22,84,"FAM20A"
"9606.ENSP00000280701",16,3,"OXSM"
"9606.ENSP00000378105",16,3,"ELOVL6"
"9606.ENSP00000281821",23,86,"EPHA4"
"9606.ENSP00000386741",23,86,"CHN1"
"9606.ENSP00000282903",4,53,"PLOD2"
"9606.ENSP00000367755",4,53,"CAMKMT"
"9606.ENSP00000286918",24,82,"ANKRD9"
"9606.ENSP00000321388",24,82,"ASB4"
"9606.ENSP00000287078",25,83,"TYSND1"
"9606.ENSP00000349016",25,83,"PEX14"
"9606.ENSP00000287156",11,1,"UBE2L6"
"9606.ENSP00000349156",11,1,"SIAH1"
"9606.ENSP00000287239",10,16,"KAT6B"
"9606.ENSP00000362166",10,16,"MEAF6"
"9606.ENSP00000355185",14,35,"DCLRE1A"
"9606.ENSP00000289316",10,16,"H2BC5"
"9606.ENSP00000408617",10,16,"HDAC9"
"9606.ENSP00000332790",10,16,"H2AC21"
"9606.ENSP00000348924",10,16,"H2BC7"
"9606.ENSP00000438553",10,16,"H2AJ"
"9606.ENSP00000291539",12,7,"PDE9A"
"9606.ENSP00000311405",12,7,"ADCY6"
"9606.ENSP00000384484",12,7,"ADCY3"
"9606.ENSP00000296518",12,7,"GUCY1A1"
"9606.ENSP00000408292",12,7,"TRIM32"
"9606.ENSP00000291860",6,4,"KIR3DL3"
"9606.ENSP00000339634",6,4,"KIR2DL4"
"9606.ENSP00000483330",6,4,"CCL4L2"
"9606.ENSP00000375086",6,4,"CCL25"
"9606.ENSP00000292879",26,9,"U2AF1L4"
"9606.ENSP00000366604",26,9,"SF1"
"9606.ENSP00000293851",10,24,"PRSS33"
"9606.ENSP00000331040",10,24,"OLIG2"
"9606.ENSP00000293879",27,56,"WDR90"
"9606.ENSP00000351132",27,56,"RHOT1"
"9606.ENSP00000345502",12,7,"PDE4D"
"9606.ENSP00000368452",12,7,"NUDT2"
"9606.ENSP00000296149",28,57,"ELP6"
"9606.ENSP00000379267",28,57,"ELP4"
"9606.ENSP00000296161",11,1,"DTX3L"
"9606.ENSP00000417214",11,1,"PARP15"
"9606.ENSP00000418194",11,1,"PARP14"
"9606.ENSP00000357726",3,2,"S100A12"
"9606.ENSP00000296677",7,2,"F2RL1"
"9606.ENSP00000296861",6,4,"TNFRSF21"
"9606.ENSP00000367013",6,4,"TNFRSF25"
"9606.ENSP00000297540",4,45,"PHAX"
"9606.ENSP00000308533",4,45,"GEMIN2"
"9606.ENSP00000323421",14,8,"SMC1A"
"9606.ENSP00000359181",14,8,"POLL"
"9606.ENSP00000298585",29,90,"ZMYND19"
"9606.ENSP00000371846",29,90,"DEAF1"
"9606.ENSP00000298910",27,56,"LRRK2"
"9606.ENSP00000299106",6,4,"JAM3"
"9606.ENSP00000378131",3,32,"CFI"
"9606.ENSP00000299638",10,39,"POLR2M"
"9606.ENSP00000306123",10,39,"RPAP1"
"9606.ENSP00000346927",21,61,"NAA80"
"9606.ENSP00000360998",3,50,"ANKRD22"
"9606.ENSP00000341843",3,50,"ETV7"
"9606.ENSP00000304336",17,20,"PYDC1"
"9606.ENSP00000357112",17,20,"AIM2"
"9606.ENSP00000422607",16,3,"ACSL1"
"9606.ENSP00000364398",4,5,"HABP4"
"9606.ENSP00000446252",17,4,"SOD2"
"9606.ENSP00000320567",4,5,"MRPS33"
"9606.ENSP00000308717",4,5,"MRPL48"
"9606.ENSP00000308275",4,5,"MRPL38"
"9606.ENSP00000479488",17,15,"PHB"
"9606.ENSP00000444433",17,14,"SCO2"
"9606.ENSP00000361725",17,35,"ENDOG"
"9606.ENSP00000358327",17,4,"CASP7"
"9606.ENSP00000308000",19,52,"TUT1"
"9606.ENSP00000308032",30,81,"CYP2S1"
"9606.ENSP00000320401",30,81,"UGT2B17"
"9606.ENSP00000309338",6,4,"CLCF1"
"9606.ENSP00000422435",3,13,"RPS6KA2"
"9606.ENSP00000356058",6,4,"FCMR"
"9606.ENSP00000339826",6,36,"PIK3AP1"
"9606.ENSP00000330825",11,1,"IFITM1"
"9606.ENSP00000314036",3,23,"AGPAT4"
"9606.ENSP00000395929",4,5,"NSD1"
"9606.ENSP00000315351",10,16,"D2HGDH"
"9606.ENSP00000316338",31,79,"BAIAP2"
"9606.ENSP00000335055",31,79,"WASF3"
"9606.ENSP00000316491",6,4,"FCAMR"
"9606.ENSP00000316543",7,4,"RAPH1"
"9606.ENSP00000377958",4,16,"CCT4"
"9606.ENSP00000340347",10,18,"TCF7"
"9606.ENSP00000463154",10,16,"ANP32E"
"9606.ENSP00000318351",32,60,"BCKDHB"
"9606.ENSP00000357873",32,60,"ACADSB"
"9606.ENSP00000477341",32,60,"PPM1K"
"9606.ENSP00000318355",33,78,"AQP10"
"9606.ENSP00000405899",33,78,"AQP12A"
"9606.ENSP00000318635",11,28,"SUMO4"
"9606.ENSP00000376765",11,28,"PIAS3"
"9606.ENSP00000318868",12,42,"SHMT1"
"9606.ENSP00000377617",12,42,"MTHFD2"
"9606.ENSP00000473001",3,38,"FCHO1"
"9606.ENSP00000321077",6,4,"SIGLEC8"
"9606.ENSP00000334958",6,4,"CARMIL2"
"9606.ENSP00000328230",12,65,"FFAR3"
"9606.ENSP00000473159",12,65,"FFAR2"
"9606.ENSP00000450310",12,65,"GPR84"
"9606.ENSP00000371785",10,24,"OLIG1"
"9606.ENSP00000331544",34,80,"FBLN1"
"9606.ENSP00000384169",34,80,"FBLN2"
"9606.ENSP00000331831",6,41,"GAS6"
"9606.ENSP00000377783",6,41,"PROS1"
"9606.ENSP00000351947",10,16,"SMARCAD1"
"9606.ENSP00000332812",6,4,"PTGDR2"
"9606.ENSP00000440100",10,16,"MED24"
"9606.ENSP00000361918",10,22,"PPIE"
"9606.ENSP00000358262",10,16,"CHD1L"
"9606.ENSP00000357442",10,16,"PYGO2"
"9606.ENSP00000334592",16,10,"CYP2R1"
"9606.ENSP00000334657",3,4,"TRIM46"
"9606.ENSP00000336528",35,77,"NR1I2"
"9606.ENSP00000370718",35,77,"ASMTL"
"9606.ENSP00000337445",17,35,"ELAC2"
"9606.ENSP00000338671",12,7,"RHOBTB1"
"9606.ENSP00000423602",6,36,"DAPP1"
"9606.ENSP00000340329",11,1,"CAPRIN1"
"9606.ENSP00000483713",6,4,"KLRF1"
"9606.ENSP00000343619",28,19,"HOXA9"
"9606.ENSP00000378578",28,19,"AFF1"
"9606.ENSP00000344819",7,40,"CMTM5"
"9606.ENSP00000345494",11,1,"PLSCR1"
"9606.ENSP00000404833",11,25,"TAPBP"
"9606.ENSP00000364032",11,25,"TAP2"
"9606.ENSP00000347495",12,66,"WARS1"
"9606.ENSP00000472847",12,66,"SARS2"
"9606.ENSP00000498867",12,66,"LARS2"
"9606.ENSP00000501111",16,46,"CEL"
"9606.ENSP00000348170",3,2,"HP"
"9606.ENSP00000416066",3,2,"SERPINA1"
"9606.ENSP00000348510",4,67,"GTF3C1"
"9606.ENSP00000403888",27,51,"DISC1"
"9606.ENSP00000356848",10,16,"TADA1"
"9606.ENSP00000351492",10,22,"UBL5"
"9606.ENSP00000352208",26,9,"MYOF"
"9606.ENSP00000367263",26,9,"AHNAK"
"9606.ENSP00000353104",36,76,"DHDDS"
"9606.ENSP00000361625",36,76,"DOLPP1"
"9606.ENSP00000448696",11,1,"DTX3"
"9606.ENSP00000354227",37,74,"C11orf80"
"9606.ENSP00000384115",37,74,"MEI1"
"9606.ENSP00000369373",11,33,"TRIM5"
"9606.ENSP00000359512",11,1,"GBP3"
"9606.ENSP00000355014",38,73,"PJA1"
"9606.ENSP00000364847",38,73,"MAGED1"
"9606.ENSP00000355094",10,16,"QKI"
"9606.ENSP00000355330",39,75,"TGM2"
"9606.ENSP00000455215",39,75,"ADGRG1"
"9606.ENSP00000356231",4,17,"RABIF"
"9606.ENSP00000480364",4,17,"RCC1L"
"9606.ENSP00000388566",17,20,"CASP4"
"9606.ENSP00000376849",17,20,"CASP5"
"9606.ENSP00000428657",17,20,"NAIP"
"9606.ENSP00000357556",10,18,"VENTX"
"9606.ENSP00000358554",10,22,"BCAS2"
"9606.ENSP00000362803",10,22,"PPIL1"
"9606.ENSP00000360215",11,1,"ZBP1"
"9606.ENSP00000412302",3,4,"MBD3"
"9606.ENSP00000401264",12,43,"CTPS2"
"9606.ENSP00000497744",12,43,"CTPS1"
"9606.ENSP00000367202",3,2,"RECK"
"9606.ENSP00000362727",40,71,"DENND1A"
"9606.ENSP00000479816",40,71,"DENND1B"
"9606.ENSP00000363506",17,14,"UQCC1"
"9606.ENSP00000364858",17,20,"CARD16"
"9606.ENSP00000481675",3,37,"SPRY1"
"9606.ENSP00000375863",26,9,"HNRNPUL1"
"9606.ENSP00000385751",26,9,"MARK2"
"9606.ENSP00000368165",41,72,"SDHAF1"
"9606.ENSP00000443900",41,72,"LYRM4"
"9606.ENSP00000419425",11,33,"PPIA"
"9606.ENSP00000370695",15,47,"EXOC1"
"9606.ENSP00000375066",12,49,"HCAR2"
"9606.ENSP00000436714",12,49,"HCAR3"
"9606.ENSP00000498702",18,6,"GPR68"
"9606.ENSP00000377936",7,58,"PPP2R2B"
"9606.ENSP00000417963",7,58,"PPP2R5D"
"9606.ENSP00000429744",7,58,"STK3"
"9606.ENSP00000386834",28,19,"AFF3"
"9606.ENSP00000417548",28,57,"DNAJC24"
"9606.ENSP00000380157",42,70,"MOCS2"
"9606.ENSP00000417901",42,70,"GPHN"
"9606.ENSP00000382895",4,17,"RPGRIP1"
"9606.ENSP00000448012",4,59,"CEP290"
"9606.ENSP00000383986",14,8,"CDCA7L"
"9606.ENSP00000387091",27,51,"ZNF365"
"9606.ENSP00000497070",27,51,"FEZ1"
"9606.ENSP00000401831",17,4,"ACSF2"
"9606.ENSP00000410964",17,15,"ERLIN1"
"9606.ENSP00000445725",17,15,"RNF170"
"9606.ENSP00000410992",15,11,"MOGS"
"9606.ENSP00000428787",43,68,"AP3M2"
"9606.ENSP00000454303",43,68,"AP5B1"
"9606.ENSP00000430690",44,69,"TFF3"
"9606.ENSP00000481056",44,69,"FCGBP"
"9606.ENSP00000483364",4,59,"TCTN3"
"9606.ENSP00000458537",16,46,"CTRL"
"9606.ENSP00000473238",6,4,"SIGLEC5"
"9606.ENSP00000202556",45,92,"PPP1R13B"
"9606.ENSP00000444889",46,93,"DENND5B"
"9606.ENSP00000442224",47,94,"C12orf43"
"9606.ENSP00000327467",48,95,"SMDT1"
"9606.ENSP00000327468",49,96,"KLHDC8B"
"9606.ENSP00000259206",50,97,"IL1RN"
"9606.ENSP00000384262",51,98,"HPSE"
"9606.ENSP00000410862",52,99,"RUNDC3A"
"9606.ENSP00000371175",53,100,"GGA1"
"9606.ENSP00000355920",54,101,"SLC22A2"
"9606.ENSP00000408792",55,102,"SP8"
"9606.ENSP00000469958",56,103,"ZNF626"
"9606.ENSP00000343930",57,104,"KLHL17"
"9606.ENSP00000397312",58,105,"LRRN3"
"9606.ENSP00000405032",59,106,"GSG1"
"9606.ENSP00000353734",60,107,"PLAGL1"
"9606.ENSP00000304360",61,108,"SMYD4"
"9606.ENSP00000307634",62,109,"AGAP1"
"9606.ENSP00000442008",63,110,"KIFC3"
"9606.ENSP00000387303",64,111,"TDRD9"
"9606.ENSP00000342832",65,112,"YPEL1"
"9606.ENSP00000442478",66,113,"STOML1"
"9606.ENSP00000464006",67,114,"PITPNC1"
"9606.ENSP00000357086",68,115,"FCRL6"
"9606.ENSP00000263934",69,116,"KIF1B"
"9606.ENSP00000316527",70,117,"ZNF609"
"9606.ENSP00000305875",71,118,"SHLD1"
"9606.ENSP00000305632",72,119,"HOMER2"
"9606.ENSP00000365533",73,120,"CLYBL"
"9606.ENSP00000365782",74,121,"CEP78"
"9606.ENSP00000311083",75,122,"CKS1B"
"9606.ENSP00000401720",76,123,"GK"
"9606.ENSP00000364219",77,124,"CAMK2N1"
"9606.ENSP00000437082",78,125,"CHI3L2"
"9606.ENSP00000323076",79,126,"NDUFAF3"
"9606.ENSP00000390722",80,127,"SLC25A17"
"9606.ENSP00000421981",81,128,"PAQR3"
"9606.ENSP00000337226",82,129,"CDCA4"
"9606.ENSP00000420659",83,130,"KLHL29"
"9606.ENSP00000335029",84,131,"RASA3"
"9606.ENSP00000386499",85,132,"PRR35"
"9606.ENSP00000451162",86,133,"CEP128"
"9606.ENSP00000387593",87,134,"TANC2"
"9606.ENSP00000305647",88,135,"VAMP5"
"9606.ENSP00000380959",89,136,"C17orf67"
"9606.ENSP00000312397",90,137,"KLHL3"
"9606.ENSP00000477509",91,138,"NBPF11"
"9606.ENSP00000269289",92,139,"ZMYND15"
"9606.ENSP00000247270",93,140,"EVI2A"
"9606.ENSP00000423933",94,141,"THUMPD2"
"9606.ENSP00000366897",95,142,"KLF12"
"9606.ENSP00000313490",96,143,"PFAS"
"9606.ENSP00000329825",97,144,"SPATA31A6"
"9606.ENSP00000409896",98,145,"CCNB1IP1"
"9606.ENSP00000352821",99,146,"ZDHHC14"
"9606.ENSP00000374037",100,147,"VPS9D1"
"9606.ENSP00000334836",101,148,"BMP2K"
"9606.ENSP00000411565",102,149,"DHRS12"
"9606.ENSP00000301908",103,150,"PNOC"
"9606.ENSP00000353343",104,151,"OR52M1"
"9606.ENSP00000371577",105,152,"MTMR12"
"9606.ENSP00000331313",106,153,"GNB1L"
"9606.ENSP00000341597",107,154,"FAM114A2"
"9606.ENSP00000361302",108,155,"POMT1"
"9606.ENSP00000258770",109,156,"TBRG4"
"9606.ENSP00000341361",110,157,"RNF13"
"9606.ENSP00000289248",111,158,"RHBDL2"
"9606.ENSP00000299084",112,159,"SPRED1"
"9606.ENSP00000355996",113,160,"G0S2"
"9606.ENSP00000482760",114,161,"PCSK6"
"9606.ENSP00000449716",115,162,"CMKLR1"
"9606.ENSP00000387941",116,163,"IFFO2"
"9606.ENSP00000455169",117,164,"NETO2"
"9606.ENSP00000339030",118,165,"ZFP91"
"9606.ENSP00000359485",119,166,"GBP6"
"9606.ENSP00000420065",120,167,"ABHD14B"
"9606.ENSP00000357920",121,168,"DDO"
"9606.ENSP00000490119",122,169,"RALGAPA1"
"9606.ENSP00000310856",123,170,"VN1R4"
"9606.ENSP00000257414",124,171,"SEMA6A"
"9606.ENSP00000296824",125,172,"CCDC127"
"9606.ENSP00000360475",126,173,"ARRDC1"
"9606.ENSP00000386845",127,174,"ZNF385B"
"9606.ENSP00000246535",128,175,"PDCD2L"
"9606.ENSP00000371364",129,176,"TMEM156"
"9606.ENSP00000490587",130,177,"C2orf92"
"9606.ENSP00000222122",131,178,"DBP"
"9606.ENSP00000265097",132,179,"THOC3"
"9606.ENSP00000360488",133,180,"FRA10AC1"
"9606.ENSP00000359022",134,181,"ELOVL3"
"9606.ENSP00000354874",135,182,"SEPTIN4"
"9606.ENSP00000349041",136,183,"NRARP"
"9606.ENSP00000445768",137,184,"DENND11"
"9606.ENSP00000310832",138,185,"CTSF"
"9606.ENSP00000293973",139,186,"NTN3"
"9606.ENSP00000365944",140,187,"FBXO6"
"9606.ENSP00000457991",141,188,"PHLPP2"
"9606.ENSP00000400223",142,189,"FJX1"
"9606.ENSP00000392066",143,190,"DIP2A"
"9606.ENSP00000422431",144,191,"TMEM158"
"9606.ENSP00000383145",145,192,"SFI1"
"9606.ENSP00000327487",146,193,"TSEN54"
"9606.ENSP00000313088",147,194,"NETO1"
"9606.ENSP00000256367",148,195,"TTC9"
"9606.ENSP00000340683",149,196,"ZNF823"
"9606.ENSP00000388823",150,197,"NSG1"
"9606.ENSP00000454264",151,198,"NUB1"
"9606.ENSP00000352420",152,199,"LDLRAD4"
"9606.ENSP00000367001",153,200,"DPP6"
"9606.ENSP00000402457",154,201,"GRAMD1B"
"9606.ENSP00000241356",155,202,"ADORA3"
"9606.ENSP00000413575",156,203,"CROT"
"9606.ENSP00000266673",157,204,"TMEM19"
"9606.ENSP00000253115",158,205,"ZNF426"
"9606.ENSP00000371985",159,206,"KCNA1"
"9606.ENSP00000332371",160,207,"COL7A1"
"9606.ENSP00000310120",161,208,"ALG10B"
"9606.ENSP00000215095",162,209,"STX1B"
"9606.ENSP00000267970",163,210,"TSPAN3"
"9606.ENSP00000322304",164,211,"PORCN"
"9606.ENSP00000371514",165,212,"KCNV2"
"9606.ENSP00000369440",166,213,"TRIM6"
"9606.ENSP00000482335",167,214,"MAP7"
"9606.ENSP00000461433",168,215,"MCRIP1"
"9606.ENSP00000468049",169,216,"ZNF101"
"9606.ENSP00000354377",170,217,"ZNF37A"
"9606.ENSP00000379256",171,218,"NCALD"
"9606.ENSP00000274498",172,219,"ARHGAP26"
"9606.ENSP00000343002",173,220,"B3GLCT"
"9606.ENSP00000402661",174,221,"TMEM177"
"9606.ENSP00000318066",175,222,"ENPP4"
"9606.ENSP00000429726",176,223,"SHISAL2A"
"9606.ENSP00000332353",177,224,"PTCH1"
"9606.ENSP00000310305",178,225,"P2RY2"
"9606.ENSP00000291416",179,226,"TRIM62"
"9606.ENSP00000221307",180,227,"CYP4F3"
"9606.ENSP00000402257",181,228,"RUNX1T1"
"9606.ENSP00000353025",182,229,"FAM3C"
"9606.ENSP00000247933",183,230,"IDUA"
"9606.ENSP00000360899",184,231,"BEND5"
"9606.ENSP00000321445",185,232,"MSC"
"9606.ENSP00000322775",186,233,"RHBDF2"
"9606.ENSP00000346729",187,234,"ZNF589"
"9606.ENSP00000352167",188,235,"SLC25A29"
"9606.ENSP00000331242",189,236,"KREMEN1"
"9606.ENSP00000264020",190,237,"IFT46"
"9606.ENSP00000361512",191,238,"PRPS1"
"9606.ENSP00000346955",192,239,"SLC25A26"
"9606.ENSP00000483624",193,240,"CLECL1"
"9606.ENSP00000357844",194,241,"SLC16A10"
"9606.ENSP00000361769",195,242,"RIMS3"
"9606.ENSP00000298248",196,243,"CRYL1"
"9606.ENSP00000470323",197,244,"ZNF329"
"9606.ENSP00000405969",198,245,"ACBD4"
"9606.ENSP00000300504",199,246,"TBC1D21"
"9606.ENSP00000369017",200,247,"INSL3"
"9606.ENSP00000424474",201,248,"SAMD14"
"9606.ENSP00000243347",202,249,"TNFAIP6"
"9606.ENSP00000273352",203,250,"ADGRG7"
"9606.ENSP00000273596",204,251,"ABHD14A"
"9606.ENSP00000367879",205,252,"XK"
"9606.ENSP00000348564",206,253,"CDAN1"
"9606.ENSP00000362187",207,254,"FAM102A"
"9606.ENSP00000324598",208,255,"ZNF540"
"9606.ENSP00000363040",209,256,"MEGF9"
"9606.ENSP00000404236",210,257,"LILRA5"
"9606.ENSP00000456908",211,258,"CTU2"
"9606.ENSP00000390410",212,259,"GPR141"
"9606.ENSP00000485484",213,260,"SMIM11B"
"9606.ENSP00000270077",214,261,"PSG9"
"9606.ENSP00000309186",215,262,"SH3RF3"
"9606.ENSP00000346127",216,263,"PLEKHB1"
"9606.ENSP00000348308",217,264,"MMP23B"
"9606.ENSP00000452535",218,265,"SAMD4A"
"9606.ENSP00000314560",219,266,"MAP6D1"
"9606.ENSP00000216101",220,267,"RASL10A"
"9606.ENSP00000368503",221,268,"C4orf46"
"9606.ENSP00000217428",222,269,"SPINT3"
"9606.ENSP00000282041",223,270,"EPG5"
"9606.ENSP00000302578",224,271,"LRATD2"
"9606.ENSP00000427130",225,272,"ANKRD13D"
"9606.ENSP00000379651",226,273,"LILRA6"
"9606.ENSP00000338967",227,274,"ARHGAP6"
"9606.ENSP00000415332",228,275,"SESTD1"
"9606.ENSP00000324101",229,276,"CD151"
"9606.ENSP00000365255",230,277,"ANKRD26"
"9606.ENSP00000387261",231,278,"PSTPIP2"
"9606.ENSP00000493074",232,279,"OR2AG1"
"9606.ENSP00000216361",233,280,"COCH"
"9606.ENSP00000249284",234,281,"TAS2R16"
"9606.ENSP00000380413",235,282,"AGAP3"
"9606.ENSP00000366354",236,283,"OR11A1"
"9606.ENSP00000409964",237,284,"CFAP97"
"9606.ENSP00000402092",238,285,"SAMD3"
"9606.ENSP00000360806",239,286,"KCNB1"
"9606.ENSP00000379898",240,287,"ARL4A"
"9606.ENSP00000375073",241,288,"EID2"
"9606.ENSP00000276416",242,289,"BIN3"
"9606.ENSP00000498976",243,290,"GPR19"
"9606.ENSP00000418661",244,291,"PTRH1"
"9606.ENSP00000399259",245,292,"FCHSD1"
"9606.ENSP00000390204",246,293,"HEPACAM2"
"9606.ENSP00000280904",247,294,"DSC2"
"9606.ENSP00000249066",248,295,"APOL2"
"9606.ENSP00000348982",249,296,"MEGF6"
"9606.ENSP00000389009",250,297,"CARNS1"
"9606.ENSP00000454945",251,298,"TMEM204"
"9606.ENSP00000357448",252,299,"PBXIP1"
"9606.ENSP00000332389",253,300,"BRICD5"
"9606.ENSP00000311224",254,301,"ACOT1"
"9606.ENSP00000359607",255,302,"PYROXD2"
"9606.ENSP00000337838",256,303,"RTN4"
"9606.ENSP00000230431",257,304,"DNPH1"
"9606.ENSP00000309163",258,305,"RCE1"
"9606.ENSP00000371729",259,306,"SACS"
"9606.ENSP00000367229",260,307,"CEP68"
"9606.ENSP00000346550",261,308,"ANXA6"
"9606.ENSP00000498711",262,309,"RDH8"
"9606.ENSP00000389241",263,310,"DHRS9"
"9606.ENSP00000426255",264,311,"SNX25"
"9606.ENSP00000262487",265,312,"ISM1"
"9606.ENSP00000367230",266,313,"TMEM8B"
"9606.ENSP00000331062",267,314,"VSTM4"
"9606.ENSP00000358529",268,315,"TSPAN2"
"9606.ENSP00000289707",269,316,"SLAMF8"
"9606.ENSP00000356105",270,317,"SLC41A1"
"9606.ENSP00000328677",271,318,"C2CD4C"
"9606.ENSP00000304467",272,319,"THOP1"
"9606.ENSP00000326253",273,320,"RTBDN"
"9606.ENSP00000275815",274,321,"EPHA1"
"9606.ENSP00000351207",275,322,"KIAA1671"
"9606.ENSP00000404074",276,323,"ZSCAN9"
"9606.ENSP00000374565",277,324,"FAM168B"
"9606.ENSP00000464145",278,325,"GDF10"
"9606.ENSP00000469836",279,326,"MPV17L2"
"9606.ENSP00000296522",280,327,"HPGD"
"9606.ENSP00000349124",281,328,"PPP4R2"
"9606.ENSP00000363689",282,329,"ID3"
"9606.ENSP00000261893",283,330,"LACTB"
"9606.ENSP00000363452",284,331,"MAN1C1"
"9606.ENSP00000350331",285,332,"ASB13"
"9606.ENSP00000227520",286,333,"CCDC86"
"9606.ENSP00000338207",287,334,"LMO1"
"9606.ENSP00000264908",288,335,"ANXA3"
"9606.ENSP00000363463",289,336,"MACO1"
"9606.ENSP00000365643",290,337,"DOCK9"
"9606.ENSP00000385480",291,338,"SYCE3"
"9606.ENSP00000379808",292,339,"ATF7IP2"
"9606.ENSP00000379804",293,340,"OSBPL10"
"9606.ENSP00000252979",294,341,"ZNF337"
"9606.ENSP00000419126",295,342,"C10orf88"
"9606.ENSP00000306844",296,343,"SEMA4C"
"9606.ENSP00000364324",297,344,"FAM120C"
"9606.ENSP00000362386",298,345,"TTC16"
"9606.ENSP00000326693",299,346,"SLC25A42"
"9606.ENSP00000477653",300,347,"DUSP14"
"9606.ENSP00000354917",301,348,"TOGARAM1"
"9606.ENSP00000353824",302,349,"PIM3"
"9606.ENSP00000337358",303,350,"HDHD5"
"9606.ENSP00000376307",304,351,"TEDC1"
"9606.ENSP00000164024",305,352,"CELSR3"
"9606.ENSP00000365426",306,353,"GGACT"
"9606.ENSP00000438293",307,354,"MAGEA8"
"9606.ENSP00000262302",308,355,"NUBP2"
"9606.ENSP00000285407",309,356,"KLF10"
"9606.ENSP00000421863",310,357,"ZNF827"
"9606.ENSP00000318803",311,358,"SYTL2"
"9606.ENSP00000364591",312,359,"TSPYL2"
"9606.ENSP00000305529",313,360,"SIRPG"
"9606.ENSP00000377416",314,361,"SIDT1"
"9606.ENSP00000339754",315,362,"ARL4C"
"9606.ENSP00000438071",316,363,"PAAF1"
"9606.ENSP00000418001",317,364,"GK5"
"9606.ENSP00000262764",318,365,"PGS1"
"9606.ENSP00000365693",319,366,"MSRB2"
"9606.ENSP00000315791",320,367,"CSTF3"
"9606.ENSP00000364361",321,368,"MAP3K20"
"9606.ENSP00000254037",322,369,"ZCCHC9"
"9606.ENSP00000266263",323,370,"MTFP1"
"9606.ENSP00000328277",324,371,"B4GALNT4"
"9606.ENSP00000369139",325,372,"MT1G"
"9606.ENSP00000495710",326,373,"ACBD6"
"9606.ENSP00000215906",327,374,"ASPHD2"
"9606.ENSP00000320309",328,375,"FARSA"
"9606.ENSP00000420161",329,376,"B4GALT4"
"9606.ENSP00000211314",330,377,"TMEM14A"
"9606.ENSP00000341483",331,378,"RANBP3"
"9606.ENSP00000291442",332,379,"NR2F6"
"9606.ENSP00000376911",333,380,"LGMN"
"9606.ENSP00000331681",334,381,"DGCR6"
"9606.ENSP00000381047",335,382,"CFAP410"
"9606.ENSP00000469888",336,383,"TRAPPC2B"
"9606.ENSP00000490240",337,384,"ZNF831"
"9606.ENSP00000402949",338,385,"CCNQ"
"9606.ENSP00000270747",339,386,"ARHGEF19"
"9606.ENSP00000327168",340,387,"PRR7"
"9606.ENSP00000254260",341,388,"RHPN2"
"9606.ENSP00000399808",342,389,"HOXC4"
"9606.ENSP00000409107",343,390,"ZBTB42"
"9606.ENSP00000345824",344,391,"TSPOAP1"
"9606.ENSP00000448998",345,392,"CYP4F12"
"9606.ENSP00000314099",346,393,"CA5B"
"9606.ENSP00000371233",347,394,"SDCBP2"
"9606.ENSP00000267328",348,395,"RAB20"
"9606.ENSP00000354772",349,396,"MVB12B"
"9606.ENSP00000417196",350,397,"PCBP4"
"9606.ENSP00000306496",351,398,"RAB33B"
"9606.ENSP00000360597",352,399,"LRRC26"
"9606.ENSP00000376930",353,400,"TMCC1"
"9606.ENSP00000482620",354,401,"RAB11FIP4"
"9606.ENSP00000281623",355,402,"FBXO4"
"9606.ENSP00000328472",356,403,"S1PR5"
"9606.ENSP00000259526",357,404,"CCN3"
"9606.ENSP00000431010",358,405,"SDR16C5"
"9606.ENSP00000478104",359,406,"VPS13D"
"9606.ENSP00000261601",360,407,"USP14"
"9606.ENSP00000282308",361,408,"ZNF256"
"9606.ENSP00000411471",362,409,"ABCF3"
"9606.ENSP00000291672",363,410,"SPATC1L"
"9606.ENSP00000331636",364,411,"CAPN12"
"9606.ENSP00000235307",365,412,"C1orf21"
"9606.ENSP00000363400",366,413,"PAFAH2"
"9606.ENSP00000431265",367,414,"ZFP82"
"9606.ENSP00000433681",368,415,"NCAPD3"
"9606.ENSP00000258214",369,416,"CCDC102A"
"9606.ENSP00000354504",370,417,"ASTN2"
"9606.ENSP00000481994",371,418,"EPHB6"
"9606.ENSP00000351475",372,419,"PASK"
"9606.ENSP00000196489",373,420,"ZNF416"
"9606.ENSP00000292778",374,421,"YDJC"
"9606.ENSP00000365830",375,422,"SOWAHC"
"9606.ENSP00000384359",376,423,"APOBEC3A"
"9606.ENSP00000257572",377,424,"HRK"
"9606.ENSP00000256001",378,425,"ACTR3B"
"9606.ENSP00000257575",379,426,"RNFT2"
"9606.ENSP00000321812",380,427,"ZNF776"
"9606.ENSP00000385451",381,428,"MDK"
"9606.ENSP00000315386",382,429,"POGLUT3"
"9606.ENSP00000354972",383,430,"NAA35"
"9606.ENSP00000350377",384,431,"MCTP2"
"9606.ENSP00000365606",385,432,"GRIPAP1"
"9606.ENSP00000414964",386,433,"CCDC107"
"9606.ENSP00000487041",387,434,"COBLL1"
"9606.ENSP00000294724",388,435,"AGL"
"9606.ENSP00000453293",389,436,"APBA2"
"9606.ENSP00000386766",390,437,"SLC39A10"
"9606.ENSP00000342981",391,438,"ADGRG5"
"9606.ENSP00000475068",392,439,"SMAGP"
"9606.ENSP00000319991",393,440,"SLC16A6"
"9606.ENSP00000480401",394,441,"ZNF205"
"9606.ENSP00000356905",395,442,"VNN1"
"9606.ENSP00000223357",396,443,"AEBP1"
"9606.ENSP00000255409",397,444,"CHI3L1"
"9606.ENSP00000307297",398,445,"CHST14"
"9606.ENSP00000369545",399,446,"NABP2"
"9606.ENSP00000300659",400,447,"NFATC3"
"9606.ENSP00000300896",401,448,"USP32"
"9606.ENSP00000349929",402,449,"ENTR1"
"9606.ENSP00000424126",403,450,"MCTP1"
"9606.ENSP00000264595",404,451,"AGA"
"9606.ENSP00000396918",405,452,"URGCP"
"9606.ENSP00000447488",406,453,"LIN7A"
"9606.ENSP00000412363",407,454,"ZNF438"
"9606.ENSP00000379353",408,455,"ST8SIA1"
"9606.ENSP00000300650",409,456,"RNF214"
"9606.ENSP00000257836",410,457,"PRRG4"
"9606.ENSP00000377171",411,458,"ZNF23"
"9606.ENSP00000497720",412,459,"MPIG6B"
"9606.ENSP00000366283",413,460,"SLITRK5"
"9606.ENSP00000428976",414,461,"PTP4A3"
"9606.ENSP00000361834",415,462,"COL9A2"
"9606.ENSP00000379368",416,463,"ZNF35"
"9606.ENSP00000380351",417,464,"ZNF682"
"9606.ENSP00000292852",418,465,"FBXO17"
"9606.ENSP00000219334",419,466,"SMPD3"
"9606.ENSP00000252597",420,467,"USHBP1"
"9606.ENSP00000344465",421,468,"PEAR1"
"9606.ENSP00000242108",422,469,"EEPD1"
"9606.ENSP00000241256",423,470,"GHSR"
"9606.ENSP00000355589",424,471,"SIPA1L2"
"9606.ENSP00000356433",425,472,"UST"
"9606.ENSP00000358851",426,473,"GSTM4"
"9606.ENSP00000480050",427,474,"SYN2"
"9606.ENSP00000265440",428,475,"TFEC"
"9606.ENSP00000368237",429,476,"ATL2"
"9606.ENSP00000347721",430,477,"SPNS3"
"9606.ENSP00000265437",431,478,"ST7"
"9606.ENSP00000299665",432,479,"CLEC4D"
"9606.ENSP00000323740",433,480,"UCP3"
"9606.ENSP00000345773",434,481,"BEND7"
"9606.ENSP00000386911",435,482,"ARHGAP25"
"9606.ENSP00000482437",436,483,"ALG9"
"9606.ENSP00000169298",437,484,"ST6GAL1"
"9606.ENSP00000247815",438,485,"HELB"
"9606.ENSP00000379156",439,486,"MPRIP"
"9606.ENSP00000308578",440,487,"ZNF431"
"9606.ENSP00000361628",441,488,"RADX"
"9606.ENSP00000161559",442,489,"CEACAM1"
"9606.ENSP00000455298",443,490,"GOLGA8S"
"9606.ENSP00000369599",444,491,"FOCAD"
"9606.ENSP00000359557",445,492,"LDOC1"
"9606.ENSP00000311977",446,493,"DUS3L"
"9606.ENSP00000265471",447,494,"B3GAT3"
"9606.ENSP00000308361",448,495,"P2RY14"
"9606.ENSP00000254579",449,496,"DNHD1"
"9606.ENSP00000307275",450,497,"SCAMP3"
"9606.ENSP00000380159",451,498,"FLYWCH2"
"9606.ENSP00000403441",452,499,"ZNF30"
"9606.ENSP00000405620",453,500,"DHX30"
"9606.ENSP00000423014",454,501,"OCIAD2"
"9606.ENSP00000303909",455,502,"ABR"
"9606.ENSP00000480476",456,503,"OPLAH"
"9606.ENSP00000382328",457,504,"N4BP2L2"
"9606.ENSP00000382327",458,505,"SDR39U1"
"9606.ENSP00000484609",459,506,"CRISP2"
"9606.ENSP00000429803",460,507,"ZNF260"
"9606.ENSP00000356064",461,508,"TULP4"
"9606.ENSP00000358482",462,509,"CD101"
"9606.ENSP00000329920",463,510,"MCEMP1"
"9606.ENSP00000386280",464,511,"APOL6"
"9606.ENSP00000465757",465,512,"CCDC106"
"9606.ENSP00000369702",466,513,"LHFPL2"
"9606.ENSP00000364018",467,514,"SPIN4"
"9606.ENSP00000364023",468,515,"ZXDB"
"9606.ENSP00000285208",469,516,"RAB6B"
"9606.ENSP00000356047",470,517,"PFKFB2"
"9606.ENSP00000296135",471,518,"LZTFL1"
"9606.ENSP00000378431",472,519,"MMRN1"
"9606.ENSP00000325785",473,520,"SPECC1L"
"9606.ENSP00000368868",474,521,"ELF2"
"9606.ENSP00000380996",475,522,"KIAA1211L"
"9606.ENSP00000498402",476,523,"SUMF2"
"9606.ENSP00000364028",477,524,"ECE1"
"9606.ENSP00000264731",478,525,"TP63"
"9606.ENSP00000338624",479,526,"TASP1"
"9606.ENSP00000357122",480,527,"PYHIN1"
"9606.ENSP00000377355",481,528,"PDZD4"
"9606.ENSP00000315505",482,529,"ZNF875"
"9606.ENSP00000264990",483,530,"ACAD11"
"9606.ENSP00000380746",484,531,"FBXL16"
"9606.ENSP00000347324",485,532,"MSRB3"
"9606.ENSP00000301599",486,533,"TMEM88"
"9606.ENSP00000350961",487,534,"DMAC1"
"9606.ENSP00000055335",488,535,"PPP1R3F"
"9606.ENSP00000357594",489,536,"CALHM6"
"9606.ENSP00000475986",490,537,"ACYP2"
"9606.ENSP00000285013",491,538,"SLFN13"
"9606.ENSP00000322249",492,539,"ORAI3"
"9606.ENSP00000264552",493,540,"UBE2S"
"9606.ENSP00000332062",494,541,"SNX20"
"9606.ENSP00000377357",495,542,"ZDHHC16"
"9606.ENSP00000171757",496,543,"P2RY10"
"9606.ENSP00000339916",497,544,"LIMK2"
"9606.ENSP00000476603",498,545,"GPRIN3"
"9606.ENSP00000498610",499,546,"SLC29A1"
"9606.ENSP00000347778",500,547,"SLC26A8"
"9606.ENSP00000254770",501,548,"LANCL2"
"9606.ENSP00000482285",502,549,"IFFO1"
"9606.ENSP00000355155",503,550,"GRIN3A"
"9606.ENSP00000378235",504,551,"SFMBT1"
"9606.ENSP00000426119",505,552,"CRIP2"
"9606.ENSP00000301329",506,553,"GLOD4"
"9606.ENSP00000408979",507,554,"KIF5A"
"9606.ENSP00000343172",508,555,"PRR27"
"9606.ENSP00000338806",509,556,"NFAT5"
"9606.ENSP00000416341",510,557,"NELL2"
"9606.ENSP00000345102",511,558,"PEAK3"
"9606.ENSP00000371607",512,559,"MIPEP"
"9606.ENSP00000483599",513,560,"SPON2"
